,date,holiday_0,holiday_1,locale,store_nbr,transferred,sales,onpromotion,year,month,day,day_of_week,day_of_year,week_of_year,quarter,is_weekend
0,1/1/2013,0,1,3,1,0,0,0,2013,1,1,1,1,1,1,0
1,1/1/2013,0,1,3,2,0,0,0,2013,1,1,1,1,1,1,0
2,1/1/2013,0,1,3,3,0,0,0,2013,1,1,1,1,1,1,0
3,1/1/2013,0,1,3,4,0,0,0,2013,1,1,1,1,1,1,0
4,1/1/2013,0,1,3,5,0,0,0,2013,1,1,1,1,1,1,0
5,1/1/2013,0,1,3,6,0,0,0,2013,1,1,1,1,1,1,0
6,1/1/2013,0,1,3,7,0,0,0,2013,1,1,1,1,1,1,0
7,1/1/2013,0,1,3,8,0,0,0,2013,1,1,1,1,1,1,0
8,1/1/2013,0,1,3,9,0,0,0,2013,1,1,1,1,1,1,0
9,1/1/2013,0,1,3,10,0,0,0,2013,1,1,1,1,1,1,0
10,1/1/2013,0,1,3,11,0,0,0,2013,1,1,1,1,1,1,0
11,1/1/2013,0,1,3,12,0,0,0,2013,1,1,1,1,1,1,0
12,1/1/2013,0,1,3,13,0,0,0,2013,1,1,1,1,1,1,0
13,1/1/2013,0,1,3,14,0,0,0,2013,1,1,1,1,1,1,0
14,1/1/2013,0,1,3,15,0,0,0,2013,1,1,1,1,1,1,0
15,1/1/2013,0,1,3,16,0,0,0,2013,1,1,1,1,1,1,0
16,1/1/2013,0,1,3,17,0,0,0,2013,1,1,1,1,1,1,0
17,1/1/2013,0,1,3,18,0,0,0,2013,1,1,1,1,1,1,0
18,1/1/2013,0,1,3,19,0,0,0,2013,1,1,1,1,1,1,0
19,1/1/2013,0,1,3,20,0,0,0,2013,1,1,1,1,1,1,0
20,1/1/2013,0,1,3,21,0,0,0,2013,1,1,1,1,1,1,0
21,1/1/2013,0,1,3,22,0,0,0,2013,1,1,1,1,1,1,0
22,1/1/2013,0,1,3,23,0,0,0,2013,1,1,1,1,1,1,0
23,1/1/2013,0,1,3,24,0,0,0,2013,1,1,1,1,1,1,0
24,1/1/2013,0,1,3,25,0,2511.618999,0,2013,1,1,1,1,1,1,0
25,1/1/2013,0,1,3,26,0,0,0,2013,1,1,1,1,1,1,0
26,1/1/2013,0,1,3,27,0,0,0,2013,1,1,1,1,1,1,0
27,1/1/2013,0,1,3,28,0,0,0,2013,1,1,1,1,1,1,0
28,1/1/2013,0,1,3,29,0,0,0,2013,1,1,1,1,1,1,0
29,1/1/2013,0,1,3,30,0,0,0,2013,1,1,1,1,1,1,0
30,1/1/2013,0,1,3,31,0,0,0,2013,1,1,1,1,1,1,0
31,1/1/2013,0,1,3,32,0,0,0,2013,1,1,1,1,1,1,0
32,1/1/2013,0,1,3,33,0,0,0,2013,1,1,1,1,1,1,0
33,1/1/2013,0,1,3,34,0,0,0,2013,1,1,1,1,1,1,0
34,1/1/2013,0,1,3,35,0,0,0,2013,1,1,1,1,1,1,0
35,1/1/2013,0,1,3,36,0,0,0,2013,1,1,1,1,1,1,0
36,1/1/2013,0,1,3,37,0,0,0,2013,1,1,1,1,1,1,0
37,1/1/2013,0,1,3,38,0,0,0,2013,1,1,1,1,1,1,0
38,1/1/2013,0,1,3,39,0,0,0,2013,1,1,1,1,1,1,0
39,1/1/2013,0,1,3,40,0,0,0,2013,1,1,1,1,1,1,0
40,1/1/2013,0,1,3,41,0,0,0,2013,1,1,1,1,1,1,0
41,1/1/2013,0,1,3,42,0,0,0,2013,1,1,1,1,1,1,0
42,1/1/2013,0,1,3,43,0,0,0,2013,1,1,1,1,1,1,0
43,1/1/2013,0,1,3,44,0,0,0,2013,1,1,1,1,1,1,0
44,1/1/2013,0,1,3,45,0,0,0,2013,1,1,1,1,1,1,0
45,1/1/2013,0,1,3,46,0,0,0,2013,1,1,1,1,1,1,0
46,1/1/2013,0,1,3,47,0,0,0,2013,1,1,1,1,1,1,0
47,1/1/2013,0,1,3,48,0,0,0,2013,1,1,1,1,1,1,0
48,1/1/2013,0,1,3,49,0,0,0,2013,1,1,1,1,1,1,0
49,1/1/2013,0,1,3,50,0,0,0,2013,1,1,1,1,1,1,0
50,1/1/2013,0,1,3,51,0,0,0,2013,1,1,1,1,1,1,0
51,1/1/2013,0,1,3,52,0,0,0,2013,1,1,1,1,1,1,0
52,1/1/2013,0,1,3,53,0,0,0,2013,1,1,1,1,1,1,0
53,1/1/2013,0,1,3,54,0,0,0,2013,1,1,1,1,1,1,0
54,1/2/2013,1,0,0,1,0,7417.148,0,2013,1,2,2,2,1,1,0
55,1/2/2013,1,0,0,2,0,10266.71898,0,2013,1,2,2,2,1,1,0
56,1/2/2013,1,0,0,3,0,24060.348,0,2013,1,2,2,2,1,1,0
57,1/2/2013,1,0,0,4,0,10200.08398,0,2013,1,2,2,2,1,1,0
58,1/2/2013,1,0,0,5,0,10598.61902,0,2013,1,2,2,2,1,1,0
59,1/2/2013,1,0,0,6,0,13520.485,0,2013,1,2,2,2,1,1,0
60,1/2/2013,1,0,0,7,0,11997.502,0,2013,1,2,2,2,1,1,0
61,1/2/2013,1,0,0,8,0,14659.328,0,2013,1,2,2,2,1,1,0
62,1/2/2013,1,0,0,9,0,15867.484,0,2013,1,2,2,2,1,1,0
63,1/2/2013,1,0,0,10,0,5430.088,0,2013,1,2,2,2,1,1,0
64,1/2/2013,1,0,0,11,0,18329.638,0,2013,1,2,2,2,1,1,0
65,1/2/2013,1,0,0,12,0,5854.517,0,2013,1,2,2,2,1,1,0
66,1/2/2013,1,0,0,13,0,5516.831,0,2013,1,2,2,2,1,1,0
67,1/2/2013,1,0,0,14,0,7698.253,0,2013,1,2,2,2,1,1,0
68,1/2/2013,1,0,0,15,0,6577.805,0,2013,1,2,2,2,1,1,0
69,1/2/2013,1,0,0,16,0,6242.572,0,2013,1,2,2,2,1,1,0
70,1/2/2013,1,0,0,17,0,7673.513,0,2013,1,2,2,2,1,1,0
71,1/2/2013,1,0,0,18,0,8204.567,0,2013,1,2,2,2,1,1,0
72,1/2/2013,1,0,0,19,0,5615.389008,0,2013,1,2,2,2,1,1,0
73,1/2/2013,1,0,0,20,0,0,0,2013,1,2,2,2,1,1,0
74,1/2/2013,1,0,0,21,0,0,0,2013,1,2,2,2,1,1,0
75,1/2/2013,1,0,0,22,0,0,0,2013,1,2,2,2,1,1,0
76,1/2/2013,1,0,0,23,0,6560.337,0,2013,1,2,2,2,1,1,0
77,1/2/2013,1,0,0,24,0,11018.853,0,2013,1,2,2,2,1,1,0
78,1/2/2013,1,0,0,25,0,5316.224,0,2013,1,2,2,2,1,1,0
79,1/2/2013,1,0,0,26,0,5653.413,0,2013,1,2,2,2,1,1,0
80,1/2/2013,1,0,0,27,0,7207.547,0,2013,1,2,2,2,1,1,0
81,1/2/2013,1,0,0,28,0,5176.474,0,2013,1,2,2,2,1,1,0
82,1/2/2013,1,0,0,29,0,0,0,2013,1,2,2,2,1,1,0
83,1/2/2013,1,0,0,30,0,2623.009,0,2013,1,2,2,2,1,1,0
84,1/2/2013,1,0,0,31,0,6637.56,0,2013,1,2,2,2,1,1,0
85,1/2/2013,1,0,0,32,0,2441.508,0,2013,1,2,2,2,1,1,0
86,1/2/2013,1,0,0,33,0,5720.770998,0,2013,1,2,2,2,1,1,0
87,1/2/2013,1,0,0,34,0,7749.693,0,2013,1,2,2,2,1,1,0
88,1/2/2013,1,0,0,35,0,2978.224,0,2013,1,2,2,2,1,1,0
89,1/2/2013,1,0,0,36,0,0,0,2013,1,2,2,2,1,1,0
90,1/2/2013,1,0,0,37,0,11111.839,0,2013,1,2,2,2,1,1,0
91,1/2/2013,1,0,0,38,0,9198.507,0,2013,1,2,2,2,1,1,0
92,1/2/2013,1,0,0,39,0,9956.37101,0,2013,1,2,2,2,1,1,0
93,1/2/2013,1,0,0,40,0,4965.014,0,2013,1,2,2,2,1,1,0
94,1/2/2013,1,0,0,41,0,5205.833,0,2013,1,2,2,2,1,1,0
95,1/2/2013,1,0,0,42,0,0,0,2013,1,2,2,2,1,1,0
96,1/2/2013,1,0,0,43,0,6054.335,0,2013,1,2,2,2,1,1,0
97,1/2/2013,1,0,0,44,0,30095.181,0,2013,1,2,2,2,1,1,0
98,1/2/2013,1,0,0,45,0,27612.05095,0,2013,1,2,2,2,1,1,0
99,1/2/2013,1,0,0,46,0,27149.92,0,2013,1,2,2,2,1,1,0
100,1/2/2013,1,0,0,47,0,27263.11101,0,2013,1,2,2,2,1,1,0
101,1/2/2013,1,0,0,48,0,19700,0,2013,1,2,2,2,1,1,0
102,1/2/2013,1,0,0,49,0,16281.845,0,2013,1,2,2,2,1,1,0
103,1/2/2013,1,0,0,50,0,16576.132,0,2013,1,2,2,2,1,1,0
104,1/2/2013,1,0,0,51,0,15134.49099,0,2013,1,2,2,2,1,1,0
105,1/2/2013,1,0,0,52,0,0,0,2013,1,2,2,2,1,1,0
106,1/2/2013,1,0,0,53,0,0,0,2013,1,2,2,2,1,1,0
107,1/2/2013,1,0,0,54,0,4973.285,0,2013,1,2,2,2,1,1,0
108,1/3/2013,1,0,0,1,0,5873.244001,0,2013,1,3,3,3,1,1,0
109,1/3/2013,1,0,0,2,0,7612.54,0,2013,1,3,3,3,1,1,0
110,1/3/2013,1,0,0,3,0,18570.74503,0,2013,1,3,3,3,1,1,0
111,1/3/2013,1,0,0,4,0,7400.245,0,2013,1,3,3,3,1,1,0
112,1/3/2013,1,0,0,5,0,7770.968,0,2013,1,3,3,3,1,1,0
113,1/3/2013,1,0,0,6,0,9929.393,0,2013,1,3,3,3,1,1,0
114,1/3/2013,1,0,0,7,0,9277.958,0,2013,1,3,3,3,1,1,0
115,1/3/2013,1,0,0,8,0,10781.243,0,2013,1,3,3,3,1,1,0
116,1/3/2013,1,0,0,9,0,10431.719,0,2013,1,3,3,3,1,1,0
117,1/3/2013,1,0,0,10,0,4549.52998,0,2013,1,3,3,3,1,1,0
118,1/3/2013,1,0,0,11,0,12356.20504,0,2013,1,3,3,3,1,1,0
119,1/3/2013,1,0,0,12,0,4460.164,0,2013,1,3,3,3,1,1,0
120,1/3/2013,1,0,0,13,0,4852.438995,0,2013,1,3,3,3,1,1,0
121,1/3/2013,1,0,0,14,0,6158.575996,0,2013,1,3,3,3,1,1,0
122,1/3/2013,1,0,0,15,0,5691.447,0,2013,1,3,3,3,1,1,0
123,1/3/2013,1,0,0,16,0,5316.415,0,2013,1,3,3,3,1,1,0
124,1/3/2013,1,0,0,17,0,5523.241,0,2013,1,3,3,3,1,1,0
125,1/3/2013,1,0,0,18,0,5107.041,0,2013,1,3,3,3,1,1,0
126,1/3/2013,1,0,0,19,0,3783.087,0,2013,1,3,3,3,1,1,0
127,1/3/2013,1,0,0,20,0,0,0,2013,1,3,3,3,1,1,0
128,1/3/2013,1,0,0,21,0,0,0,2013,1,3,3,3,1,1,0
129,1/3/2013,1,0,0,22,0,0,0,2013,1,3,3,3,1,1,0
130,1/3/2013,1,0,0,23,0,4911.20401,0,2013,1,3,3,3,1,1,0
131,1/3/2013,1,0,0,24,0,10086.241,0,2013,1,3,3,3,1,1,0
132,1/3/2013,1,0,0,25,0,4442.91302,0,2013,1,3,3,3,1,1,0
133,1/3/2013,1,0,0,26,0,3477.559,0,2013,1,3,3,3,1,1,0
134,1/3/2013,1,0,0,27,0,4387.566,0,2013,1,3,3,3,1,1,0
135,1/3/2013,1,0,0,28,0,4142.304,0,2013,1,3,3,3,1,1,0
136,1/3/2013,1,0,0,29,0,0,0,2013,1,3,3,3,1,1,0
137,1/3/2013,1,0,0,30,0,2538.315003,0,2013,1,3,3,3,1,1,0
138,1/3/2013,1,0,0,31,0,5437.826,0,2013,1,3,3,3,1,1,0
139,1/3/2013,1,0,0,32,0,2589.699001,0,2013,1,3,3,3,1,1,0
140,1/3/2013,1,0,0,33,0,5167.402,0,2013,1,3,3,3,1,1,0
141,1/3/2013,1,0,0,34,0,6246.722,0,2013,1,3,3,3,1,1,0
142,1/3/2013,1,0,0,35,0,2699.277,0,2013,1,3,3,3,1,1,0
143,1/3/2013,1,0,0,36,0,0,0,2013,1,3,3,3,1,1,0
144,1/3/2013,1,0,0,37,0,9335.661,0,2013,1,3,3,3,1,1,0
145,1/3/2013,1,0,0,38,0,7860.617,0,2013,1,3,3,3,1,1,0
146,1/3/2013,1,0,0,39,0,6986.445,0,2013,1,3,3,3,1,1,0
147,1/3/2013,1,0,0,40,0,4484.828,0,2013,1,3,3,3,1,1,0
148,1/3/2013,1,0,0,41,0,3699.117,0,2013,1,3,3,3,1,1,0
149,1/3/2013,1,0,0,42,0,0,0,2013,1,3,3,3,1,1,0
150,1/3/2013,1,0,0,43,0,5206.779,0,2013,1,3,3,3,1,1,0
151,1/3/2013,1,0,0,44,0,20447.057,0,2013,1,3,3,3,1,1,0
152,1/3/2013,1,0,0,45,0,17377.98097,0,2013,1,3,3,3,1,1,0
153,1/3/2013,1,0,0,46,0,15751.355,0,2013,1,3,3,3,1,1,0
154,1/3/2013,1,0,0,47,0,18340.205,0,2013,1,3,3,3,1,1,0
155,1/3/2013,1,0,0,48,0,14350.78403,0,2013,1,3,3,3,1,1,0
156,1/3/2013,1,0,0,49,0,9909.082,0,2013,1,3,3,3,1,1,0
157,1/3/2013,1,0,0,50,0,11066.46504,0,2013,1,3,3,3,1,1,0
158,1/3/2013,1,0,0,51,0,11170.05702,0,2013,1,3,3,3,1,1,0
159,1/3/2013,1,0,0,52,0,0,0,2013,1,3,3,3,1,1,0
160,1/3/2013,1,0,0,53,0,0,0,2013,1,3,3,3,1,1,0
161,1/3/2013,1,0,0,54,0,3901.57,0,2013,1,3,3,3,1,1,0
162,1/4/2013,1,0,0,1,0,5919.879001,0,2013,1,4,4,4,1,1,0
163,1/4/2013,1,0,0,2,0,7526.377,0,2013,1,4,4,4,1,1,0
164,1/4/2013,1,0,0,3,0,17392.098,0,2013,1,4,4,4,1,1,0
165,1/4/2013,1,0,0,4,0,6902.050001,0,2013,1,4,4,4,1,1,0
166,1/4/2013,1,0,0,5,0,7347.641991,0,2013,1,4,4,4,1,1,0
167,1/4/2013,1,0,0,6,0,8869.21198,0,2013,1,4,4,4,1,1,0
168,1/4/2013,1,0,0,7,0,8096.573018,0,2013,1,4,4,4,1,1,0
169,1/4/2013,1,0,0,8,0,11124.651,0,2013,1,4,4,4,1,1,0
170,1/4/2013,1,0,0,9,0,8085.159,0,2013,1,4,4,4,1,1,0
171,1/4/2013,1,0,0,10,0,3381.016,0,2013,1,4,4,4,1,1,0
172,1/4/2013,1,0,0,11,0,12171.99802,0,2013,1,4,4,4,1,1,0
173,1/4/2013,1,0,0,12,0,3684.053004,0,2013,1,4,4,4,1,1,0
174,1/4/2013,1,0,0,13,0,4249.484,0,2013,1,4,4,4,1,1,0
175,1/4/2013,1,0,0,14,0,5777.689,0,2013,1,4,4,4,1,1,0
176,1/4/2013,1,0,0,15,0,4825.64699,0,2013,1,4,4,4,1,1,0
177,1/4/2013,1,0,0,16,0,4616.99,0,2013,1,4,4,4,1,1,0
178,1/4/2013,1,0,0,17,0,5239.568995,0,2013,1,4,4,4,1,1,0
179,1/4/2013,1,0,0,18,0,4033.748,0,2013,1,4,4,4,1,1,0
180,1/4/2013,1,0,0,19,0,3233.503,0,2013,1,4,4,4,1,1,0
181,1/4/2013,1,0,0,20,0,0,0,2013,1,4,4,4,1,1,0
182,1/4/2013,1,0,0,21,0,0,0,2013,1,4,4,4,1,1,0
183,1/4/2013,1,0,0,22,0,0,0,2013,1,4,4,4,1,1,0
184,1/4/2013,1,0,0,23,0,5620.528,0,2013,1,4,4,4,1,1,0
185,1/4/2013,1,0,0,24,0,10059.481,0,2013,1,4,4,4,1,1,0
186,1/4/2013,1,0,0,25,0,4844.354,0,2013,1,4,4,4,1,1,0
187,1/4/2013,1,0,0,26,0,3538.449,0,2013,1,4,4,4,1,1,0
188,1/4/2013,1,0,0,27,0,4586.466001,0,2013,1,4,4,4,1,1,0
189,1/4/2013,1,0,0,28,0,2615.644994,0,2013,1,4,4,4,1,1,0
190,1/4/2013,1,0,0,29,0,0,0,2013,1,4,4,4,1,1,0
191,1/4/2013,1,0,0,30,0,1987.33,0,2013,1,4,4,4,1,1,0
192,1/4/2013,1,0,0,31,0,6107.636,0,2013,1,4,4,4,1,1,0
193,1/4/2013,1,0,0,32,0,2705.500996,0,2013,1,4,4,4,1,1,0
194,1/4/2013,1,0,0,33,0,4282.112,0,2013,1,4,4,4,1,1,0
195,1/4/2013,1,0,0,34,0,6100.120001,0,2013,1,4,4,4,1,1,0
196,1/4/2013,1,0,0,35,0,2406.925001,0,2013,1,4,4,4,1,1,0
197,1/4/2013,1,0,0,36,0,0,0,2013,1,4,4,4,1,1,0
198,1/4/2013,1,0,0,37,0,8954.49001,0,2013,1,4,4,4,1,1,0
199,1/4/2013,1,0,0,38,0,7433.773,0,2013,1,4,4,4,1,1,0
200,1/4/2013,1,0,0,39,0,5605.498,0,2013,1,4,4,4,1,1,0
201,1/4/2013,1,0,0,40,0,3838.027,0,2013,1,4,4,4,1,1,0
202,1/4/2013,1,0,0,41,0,3581.132004,0,2013,1,4,4,4,1,1,0
203,1/4/2013,1,0,0,42,0,0,0,2013,1,4,4,4,1,1,0
204,1/4/2013,1,0,0,43,0,5499.704,0,2013,1,4,4,4,1,1,0
205,1/4/2013,1,0,0,44,0,22795.799,0,2013,1,4,4,4,1,1,0
206,1/4/2013,1,0,0,45,0,19936.19504,0,2013,1,4,4,4,1,1,0
207,1/4/2013,1,0,0,46,0,17073.06408,0,2013,1,4,4,4,1,1,0
208,1/4/2013,1,0,0,47,0,18982.00897,0,2013,1,4,4,4,1,1,0
209,1/4/2013,1,0,0,48,0,15276.803,0,2013,1,4,4,4,1,1,0
210,1/4/2013,1,0,0,49,0,10284.566,0,2013,1,4,4,4,1,1,0
211,1/4/2013,1,0,0,50,0,12147.44,0,2013,1,4,4,4,1,1,0
212,1/4/2013,1,0,0,51,0,12452.326,0,2013,1,4,4,4,1,1,0
213,1/4/2013,1,0,0,52,0,0,0,2013,1,4,4,4,1,1,0
214,1/4/2013,1,0,0,53,0,0,0,2013,1,4,4,4,1,1,0
215,1/4/2013,1,0,0,54,0,3266.966,0,2013,1,4,4,4,1,1,0
216,1/5/2013,1,1,3,1,0,6318.78501,0,2013,1,5,5,5,1,1,1
217,1/5/2013,1,1,3,2,0,9539.566,0,2013,1,5,5,5,1,1,1
218,1/5/2013,1,1,3,3,0,22700.87201,0,2013,1,5,5,5,1,1,1
219,1/5/2013,1,1,3,4,0,9948.383,0,2013,1,5,5,5,1,1,1
220,1/5/2013,1,1,3,5,0,8192.598,0,2013,1,5,5,5,1,1,1
221,1/5/2013,1,1,3,6,0,12431.68904,0,2013,1,5,5,5,1,1,1
222,1/5/2013,1,1,3,7,0,8610.605999,0,2013,1,5,5,5,1,1,1
223,1/5/2013,1,1,3,8,0,14277.69902,0,2013,1,5,5,5,1,1,1
224,1/5/2013,1,1,3,9,0,13057.11,0,2013,1,5,5,5,1,1,1
225,1/5/2013,1,1,3,10,0,5409.78501,0,2013,1,5,5,5,1,1,1
226,1/5/2013,1,1,3,11,0,14763.049,0,2013,1,5,5,5,1,1,1
227,1/5/2013,1,1,3,12,0,4818.668,0,2013,1,5,5,5,1,1,1
228,1/5/2013,1,1,3,13,0,6465.232,0,2013,1,5,5,5,1,1,1
229,1/5/2013,1,1,3,14,0,7974.621,0,2013,1,5,5,5,1,1,1
230,1/5/2013,1,1,3,15,0,5694.056,0,2013,1,5,5,5,1,1,1
231,1/5/2013,1,1,3,16,0,6014.655,0,2013,1,5,5,5,1,1,1
232,1/5/2013,1,1,3,17,0,7557.546,0,2013,1,5,5,5,1,1,1
233,1/5/2013,1,1,3,18,0,6510.638,0,2013,1,5,5,5,1,1,1
234,1/5/2013,1,1,3,19,0,6363.821023,0,2013,1,5,5,5,1,1,1
235,1/5/2013,1,1,3,20,0,0,0,2013,1,5,5,5,1,1,1
236,1/5/2013,1,1,3,21,0,0,0,2013,1,5,5,5,1,1,1
237,1/5/2013,1,1,3,22,0,0,0,2013,1,5,5,5,1,1,1
238,1/5/2013,1,1,3,23,0,6041.002,0,2013,1,5,5,5,1,1,1
239,1/5/2013,1,1,3,24,0,12031.90902,0,2013,1,5,5,5,1,1,1
240,1/5/2013,1,1,3,25,0,5817.526005,0,2013,1,5,5,5,1,1,1
241,1/5/2013,1,1,3,26,0,5503.186,0,2013,1,5,5,5,1,1,1
242,1/5/2013,1,1,3,27,0,6731.607015,0,2013,1,5,5,5,1,1,1
243,1/5/2013,1,1,3,28,0,5939.632,0,2013,1,5,5,5,1,1,1
244,1/5/2013,1,1,3,29,0,0,0,2013,1,5,5,5,1,1,1
245,1/5/2013,1,1,3,30,0,2811.187998,0,2013,1,5,5,5,1,1,1
246,1/5/2013,1,1,3,31,0,5875.18901,0,2013,1,5,5,5,1,1,1
247,1/5/2013,1,1,3,32,0,2623.645,0,2013,1,5,5,5,1,1,1
248,1/5/2013,1,1,3,33,0,5981.775,0,2013,1,5,5,5,1,1,1
249,1/5/2013,1,1,3,34,0,7189.406004,0,2013,1,5,5,5,1,1,1
250,1/5/2013,1,1,3,35,0,2981.362,0,2013,1,5,5,5,1,1,1
251,1/5/2013,1,1,3,36,0,0,0,2013,1,5,5,5,1,1,1
252,1/5/2013,1,1,3,37,0,11268.065,0,2013,1,5,5,5,1,1,1
253,1/5/2013,1,1,3,38,0,9842.551011,0,2013,1,5,5,5,1,1,1
254,1/5/2013,1,1,3,39,0,9256.675,0,2013,1,5,5,5,1,1,1
255,1/5/2013,1,1,3,40,0,5314.727,0,2013,1,5,5,5,1,1,1
256,1/5/2013,1,1,3,41,0,4694.56,0,2013,1,5,5,5,1,1,1
257,1/5/2013,1,1,3,42,0,0,0,2013,1,5,5,5,1,1,1
258,1/5/2013,1,1,3,43,0,4328.885,0,2013,1,5,5,5,1,1,1
259,1/5/2013,1,1,3,44,0,31382.508,0,2013,1,5,5,5,1,1,1
260,1/5/2013,1,1,3,45,0,27104.22303,0,2013,1,5,5,5,1,1,1
261,1/5/2013,1,1,3,46,0,27231.19803,0,2013,1,5,5,5,1,1,1
262,1/5/2013,1,1,3,47,0,26996.264,0,2013,1,5,5,5,1,1,1
263,1/5/2013,1,1,3,48,0,22876.474,0,2013,1,5,5,5,1,1,1
264,1/5/2013,1,1,3,49,0,13506.025,0,2013,1,5,5,5,1,1,1
265,1/5/2013,1,1,3,50,0,17930.364,0,2013,1,5,5,5,1,1,1
266,1/5/2013,1,1,3,51,0,15046.247,0,2013,1,5,5,5,1,1,1
267,1/5/2013,1,1,3,52,0,0,0,2013,1,5,5,5,1,1,1
268,1/5/2013,1,1,3,53,0,0,0,2013,1,5,5,5,1,1,1
269,1/5/2013,1,1,3,54,0,4394.549,0,2013,1,5,5,5,1,1,1
270,1/6/2013,1,0,0,1,0,2199.087,0,2013,1,6,6,6,1,1,1
271,1/6/2013,1,0,0,2,0,10322.388,0,2013,1,6,6,6,1,1,1
272,1/6/2013,1,0,0,3,0,25343.62,0,2013,1,6,6,6,1,1,1
273,1/6/2013,1,0,0,4,0,11679.692,0,2013,1,6,6,6,1,1,1
274,1/6/2013,1,0,0,5,0,10843.23203,0,2013,1,6,6,6,1,1,1
275,1/6/2013,1,0,0,6,0,16533.562,0,2013,1,6,6,6,1,1,1
276,1/6/2013,1,0,0,7,0,8770.658,0,2013,1,6,6,6,1,1,1
277,1/6/2013,1,0,0,8,0,14425.47098,0,2013,1,6,6,6,1,1,1
278,1/6/2013,1,0,0,9,0,15936.53,0,2013,1,6,6,6,1,1,1
279,1/6/2013,1,0,0,10,0,5722.05301,0,2013,1,6,6,6,1,1,1
280,1/6/2013,1,0,0,11,0,15739.27605,0,2013,1,6,6,6,1,1,1
281,1/6/2013,1,0,0,12,0,5762.309,0,2013,1,6,6,6,1,1,1
282,1/6/2013,1,0,0,13,0,4551.895,0,2013,1,6,6,6,1,1,1
283,1/6/2013,1,0,0,14,0,4856.51302,0,2013,1,6,6,6,1,1,1
284,1/6/2013,1,0,0,15,0,5224.989995,0,2013,1,6,6,6,1,1,1
285,1/6/2013,1,0,0,16,0,7543.599,0,2013,1,6,6,6,1,1,1
286,1/6/2013,1,0,0,17,0,7420.16,0,2013,1,6,6,6,1,1,1
287,1/6/2013,1,0,0,18,0,7336.31,0,2013,1,6,6,6,1,1,1
288,1/6/2013,1,0,0,19,0,4313.378005,0,2013,1,6,6,6,1,1,1
289,1/6/2013,1,0,0,20,0,0,0,2013,1,6,6,6,1,1,1
290,1/6/2013,1,0,0,21,0,0,0,2013,1,6,6,6,1,1,1
291,1/6/2013,1,0,0,22,0,0,0,2013,1,6,6,6,1,1,1
292,1/6/2013,1,0,0,23,0,5231.643,0,2013,1,6,6,6,1,1,1
293,1/6/2013,1,0,0,24,0,11025.586,0,2013,1,6,6,6,1,1,1
294,1/6/2013,1,0,0,25,0,3201.695,0,2013,1,6,6,6,1,1,1
295,1/6/2013,1,0,0,26,0,5584.28999,0,2013,1,6,6,6,1,1,1
296,1/6/2013,1,0,0,27,0,8491.491,0,2013,1,6,6,6,1,1,1
297,1/6/2013,1,0,0,28,0,7467.176,0,2013,1,6,6,6,1,1,1
298,1/6/2013,1,0,0,29,0,0,0,2013,1,6,6,6,1,1,1
299,1/6/2013,1,0,0,30,0,2843.072,0,2013,1,6,6,6,1,1,1
300,1/6/2013,1,0,0,31,0,7957.275,0,2013,1,6,6,6,1,1,1
301,1/6/2013,1,0,0,32,0,2626.746997,0,2013,1,6,6,6,1,1,1
302,1/6/2013,1,0,0,33,0,7484.563,0,2013,1,6,6,6,1,1,1
303,1/6/2013,1,0,0,34,0,6738.950999,0,2013,1,6,6,6,1,1,1
304,1/6/2013,1,0,0,35,0,2485.15,0,2013,1,6,6,6,1,1,1
305,1/6/2013,1,0,0,36,0,0,0,2013,1,6,6,6,1,1,1
306,1/6/2013,1,0,0,37,0,9288.223,0,2013,1,6,6,6,1,1,1
307,1/6/2013,1,0,0,38,0,11317.935,0,2013,1,6,6,6,1,1,1
308,1/6/2013,1,0,0,39,0,8925.654,0,2013,1,6,6,6,1,1,1
309,1/6/2013,1,0,0,40,0,5014.737001,0,2013,1,6,6,6,1,1,1
310,1/6/2013,1,0,0,41,0,6589.42,0,2013,1,6,6,6,1,1,1
311,1/6/2013,1,0,0,42,0,0,0,2013,1,6,6,6,1,1,1
312,1/6/2013,1,0,0,43,0,4978.98699,0,2013,1,6,6,6,1,1,1
313,1/6/2013,1,0,0,44,0,36069.345,0,2013,1,6,6,6,1,1,1
314,1/6/2013,1,0,0,45,0,31532.03802,0,2013,1,6,6,6,1,1,1
315,1/6/2013,1,0,0,46,0,34434.427,0,2013,1,6,6,6,1,1,1
316,1/6/2013,1,0,0,47,0,31646.35698,0,2013,1,6,6,6,1,1,1
317,1/6/2013,1,0,0,48,0,28802.99402,0,2013,1,6,6,6,1,1,1
318,1/6/2013,1,0,0,49,0,16539.776,0,2013,1,6,6,6,1,1,1
319,1/6/2013,1,0,0,50,0,16832.68102,0,2013,1,6,6,6,1,1,1
320,1/6/2013,1,0,0,51,0,15730.16899,0,2013,1,6,6,6,1,1,1
321,1/6/2013,1,0,0,52,0,0,0,2013,1,6,6,6,1,1,1
322,1/6/2013,1,0,0,53,0,0,0,2013,1,6,6,6,1,1,1
323,1/6/2013,1,0,0,54,0,6330.296,0,2013,1,6,6,6,1,1,1
324,1/7/2013,1,0,0,1,0,6150.924,0,2013,1,7,0,7,2,1,0
325,1/7/2013,1,0,0,2,0,6675.971,0,2013,1,7,0,7,2,1,0
326,1/7/2013,1,0,0,3,0,17036.253,0,2013,1,7,0,7,2,1,0
327,1/7/2013,1,0,0,4,0,6748.196,0,2013,1,7,0,7,2,1,0
328,1/7/2013,1,0,0,5,0,6468.321,0,2013,1,7,0,7,2,1,0
329,1/7/2013,1,0,0,6,0,8414.77698,0,2013,1,7,0,7,2,1,0
330,1/7/2013,1,0,0,7,0,9551.40902,0,2013,1,7,0,7,2,1,0
331,1/7/2013,1,0,0,8,0,9755.461,0,2013,1,7,0,7,2,1,0
332,1/7/2013,1,0,0,9,0,8951.149,0,2013,1,7,0,7,2,1,0
333,1/7/2013,1,0,0,10,0,4161.966,0,2013,1,7,0,7,2,1,0
334,1/7/2013,1,0,0,11,0,10902.779,0,2013,1,7,0,7,2,1,0
335,1/7/2013,1,0,0,12,0,3911.49199,0,2013,1,7,0,7,2,1,0
336,1/7/2013,1,0,0,13,0,4012.964998,0,2013,1,7,0,7,2,1,0
337,1/7/2013,1,0,0,14,0,5577.955,0,2013,1,7,0,7,2,1,0
338,1/7/2013,1,0,0,15,0,4923.905,0,2013,1,7,0,7,2,1,0
339,1/7/2013,1,0,0,16,0,4826.401,0,2013,1,7,0,7,2,1,0
340,1/7/2013,1,0,0,17,0,5841.219,0,2013,1,7,0,7,2,1,0
341,1/7/2013,1,0,0,18,0,4451.043,0,2013,1,7,0,7,2,1,0
342,1/7/2013,1,0,0,19,0,3858.209,0,2013,1,7,0,7,2,1,0
343,1/7/2013,1,0,0,20,0,0,0,2013,1,7,0,7,2,1,0
344,1/7/2013,1,0,0,21,0,0,0,2013,1,7,0,7,2,1,0
345,1/7/2013,1,0,0,22,0,0,0,2013,1,7,0,7,2,1,0
346,1/7/2013,1,0,0,23,0,6875.7411,0,2013,1,7,0,7,2,1,0
347,1/7/2013,1,0,0,24,0,8372.484,0,2013,1,7,0,7,2,1,0
348,1/7/2013,1,0,0,25,0,2783.977996,0,2013,1,7,0,7,2,1,0
349,1/7/2013,1,0,0,26,0,3356.073,0,2013,1,7,0,7,2,1,0
350,1/7/2013,1,0,0,27,0,4832.523,0,2013,1,7,0,7,2,1,0
351,1/7/2013,1,0,0,28,0,3665.54,0,2013,1,7,0,7,2,1,0
352,1/7/2013,1,0,0,29,0,0,0,2013,1,7,0,7,2,1,0
353,1/7/2013,1,0,0,30,0,2350.539002,0,2013,1,7,0,7,2,1,0
354,1/7/2013,1,0,0,31,0,5112.12699,0,2013,1,7,0,7,2,1,0
355,1/7/2013,1,0,0,32,0,2338.176,0,2013,1,7,0,7,2,1,0
356,1/7/2013,1,0,0,33,0,5349.985,0,2013,1,7,0,7,2,1,0
357,1/7/2013,1,0,0,34,0,6067.254,0,2013,1,7,0,7,2,1,0
358,1/7/2013,1,0,0,35,0,2094.505999,0,2013,1,7,0,7,2,1,0
359,1/7/2013,1,0,0,36,0,0,0,2013,1,7,0,7,2,1,0
360,1/7/2013,1,0,0,37,0,7569.456004,0,2013,1,7,0,7,2,1,0
361,1/7/2013,1,0,0,38,0,6264.249,0,2013,1,7,0,7,2,1,0
362,1/7/2013,1,0,0,39,0,5822.826,0,2013,1,7,0,7,2,1,0
363,1/7/2013,1,0,0,40,0,4497.295,0,2013,1,7,0,7,2,1,0
364,1/7/2013,1,0,0,41,0,3292.932,0,2013,1,7,0,7,2,1,0
365,1/7/2013,1,0,0,42,0,0,0,2013,1,7,0,7,2,1,0
366,1/7/2013,1,0,0,43,0,4309.247,0,2013,1,7,0,7,2,1,0
367,1/7/2013,1,0,0,44,0,21025.329,0,2013,1,7,0,7,2,1,0
368,1/7/2013,1,0,0,45,0,17309.963,0,2013,1,7,0,7,2,1,0
369,1/7/2013,1,0,0,46,0,14835.849,0,2013,1,7,0,7,2,1,0
370,1/7/2013,1,0,0,47,0,15882.998,0,2013,1,7,0,7,2,1,0
371,1/7/2013,1,0,0,48,0,12466.907,0,2013,1,7,0,7,2,1,0
372,1/7/2013,1,0,0,49,0,9865.647,0,2013,1,7,0,7,2,1,0
373,1/7/2013,1,0,0,50,0,11405.10499,0,2013,1,7,0,7,2,1,0
374,1/7/2013,1,0,0,51,0,11514.676,0,2013,1,7,0,7,2,1,0
375,1/7/2013,1,0,0,52,0,0,0,2013,1,7,0,7,2,1,0
376,1/7/2013,1,0,0,53,0,0,0,2013,1,7,0,7,2,1,0
377,1/7/2013,1,0,0,54,0,4641.000998,0,2013,1,7,0,7,2,1,0
378,1/8/2013,1,0,0,1,0,5597.181,0,2013,1,8,1,8,2,1,0
379,1/8/2013,1,0,0,2,0,6109.56701,0,2013,1,8,1,8,2,1,0
380,1/8/2013,1,0,0,3,0,14220.417,0,2013,1,8,1,8,2,1,0
381,1/8/2013,1,0,0,4,0,6017.614,0,2013,1,8,1,8,2,1,0
382,1/8/2013,1,0,0,5,0,6427.859,0,2013,1,8,1,8,2,1,0
383,1/8/2013,1,0,0,6,0,7816.339,0,2013,1,8,1,8,2,1,0
384,1/8/2013,1,0,0,7,0,8200.948998,0,2013,1,8,1,8,2,1,0
385,1/8/2013,1,0,0,8,0,8281.571,0,2013,1,8,1,8,2,1,0
386,1/8/2013,1,0,0,9,0,9334.92598,0,2013,1,8,1,8,2,1,0
387,1/8/2013,1,0,0,10,0,3716.11,0,2013,1,8,1,8,2,1,0
388,1/8/2013,1,0,0,11,0,10182.083,0,2013,1,8,1,8,2,1,0
389,1/8/2013,1,0,0,12,0,5997.883,0,2013,1,8,1,8,2,1,0
390,1/8/2013,1,0,0,13,0,3891.686,0,2013,1,8,1,8,2,1,0
391,1/8/2013,1,0,0,14,0,5424.656,0,2013,1,8,1,8,2,1,0
392,1/8/2013,1,0,0,15,0,4450.317,0,2013,1,8,1,8,2,1,0
393,1/8/2013,1,0,0,16,0,4582.702,0,2013,1,8,1,8,2,1,0
394,1/8/2013,1,0,0,17,0,5060.767,0,2013,1,8,1,8,2,1,0
395,1/8/2013,1,0,0,18,0,4233.012,0,2013,1,8,1,8,2,1,0
396,1/8/2013,1,0,0,19,0,4517.112004,0,2013,1,8,1,8,2,1,0
397,1/8/2013,1,0,0,20,0,0,0,2013,1,8,1,8,2,1,0
398,1/8/2013,1,0,0,21,0,0,0,2013,1,8,1,8,2,1,0
399,1/8/2013,1,0,0,22,0,0,0,2013,1,8,1,8,2,1,0
400,1/8/2013,1,0,0,23,0,4231.89099,0,2013,1,8,1,8,2,1,0
401,1/8/2013,1,0,0,24,0,8583.859975,0,2013,1,8,1,8,2,1,0
402,1/8/2013,1,0,0,25,0,2884.284,0,2013,1,8,1,8,2,1,0
403,1/8/2013,1,0,0,26,0,3161.467,0,2013,1,8,1,8,2,1,0
404,1/8/2013,1,0,0,27,0,4575.527002,0,2013,1,8,1,8,2,1,0
405,1/8/2013,1,0,0,28,0,3826.118,0,2013,1,8,1,8,2,1,0
406,1/8/2013,1,0,0,29,0,0,0,2013,1,8,1,8,2,1,0
407,1/8/2013,1,0,0,30,0,2104.2,0,2013,1,8,1,8,2,1,0
408,1/8/2013,1,0,0,31,0,4823.2,0,2013,1,8,1,8,2,1,0
409,1/8/2013,1,0,0,32,0,1983.456,0,2013,1,8,1,8,2,1,0
410,1/8/2013,1,0,0,33,0,4684.521,0,2013,1,8,1,8,2,1,0
411,1/8/2013,1,0,0,34,0,5519.704,0,2013,1,8,1,8,2,1,0
412,1/8/2013,1,0,0,35,0,2113.619,0,2013,1,8,1,8,2,1,0
413,1/8/2013,1,0,0,36,0,0,0,2013,1,8,1,8,2,1,0
414,1/8/2013,1,0,0,37,0,7041.23,0,2013,1,8,1,8,2,1,0
415,1/8/2013,1,0,0,38,0,5020.822,0,2013,1,8,1,8,2,1,0
416,1/8/2013,1,0,0,39,0,6587.149,0,2013,1,8,1,8,2,1,0
417,1/8/2013,1,0,0,40,0,4646.065,0,2013,1,8,1,8,2,1,0
418,1/8/2013,1,0,0,41,0,3685.283003,0,2013,1,8,1,8,2,1,0
419,1/8/2013,1,0,0,42,0,0,0,2013,1,8,1,8,2,1,0
420,1/8/2013,1,0,0,43,0,3903.739001,0,2013,1,8,1,8,2,1,0
421,1/8/2013,1,0,0,44,0,33993.257,0,2013,1,8,1,8,2,1,0
422,1/8/2013,1,0,0,45,0,14230.149,0,2013,1,8,1,8,2,1,0
423,1/8/2013,1,0,0,46,0,12684.89801,0,2013,1,8,1,8,2,1,0
424,1/8/2013,1,0,0,47,0,13098.628,0,2013,1,8,1,8,2,1,0
425,1/8/2013,1,0,0,48,0,10014.949,0,2013,1,8,1,8,2,1,0
426,1/8/2013,1,0,0,49,0,7403.504,0,2013,1,8,1,8,2,1,0
427,1/8/2013,1,0,0,50,0,10323.583,0,2013,1,8,1,8,2,1,0
428,1/8/2013,1,0,0,51,0,10525.46001,0,2013,1,8,1,8,2,1,0
429,1/8/2013,1,0,0,52,0,0,0,2013,1,8,1,8,2,1,0
430,1/8/2013,1,0,0,53,0,0,0,2013,1,8,1,8,2,1,0
431,1/8/2013,1,0,0,54,0,2634.464,0,2013,1,8,1,8,2,1,0
432,1/9/2013,1,0,0,1,0,6808.57899,0,2013,1,9,2,9,2,1,0
433,1/9/2013,1,0,0,2,0,6740.51602,0,2013,1,9,2,9,2,1,0
434,1/9/2013,1,0,0,3,0,14735.148,0,2013,1,9,2,9,2,1,0
435,1/9/2013,1,0,0,4,0,5867.883,0,2013,1,9,2,9,2,1,0
436,1/9/2013,1,0,0,5,0,6057.108,0,2013,1,9,2,9,2,1,0
437,1/9/2013,1,0,0,6,0,7923.974,0,2013,1,9,2,9,2,1,0
438,1/9/2013,1,0,0,7,0,7268.615998,0,2013,1,9,2,9,2,1,0
439,1/9/2013,1,0,0,8,0,9759.066,0,2013,1,9,2,9,2,1,0
440,1/9/2013,1,0,0,9,0,7193.351,0,2013,1,9,2,9,2,1,0
441,1/9/2013,1,0,0,10,0,3108.796999,0,2013,1,9,2,9,2,1,0
442,1/9/2013,1,0,0,11,0,9405.815,0,2013,1,9,2,9,2,1,0
443,1/9/2013,1,0,0,12,0,3375.408,0,2013,1,9,2,9,2,1,0
444,1/9/2013,1,0,0,13,0,3485.425,0,2013,1,9,2,9,2,1,0
445,1/9/2013,1,0,0,14,0,4927.542,0,2013,1,9,2,9,2,1,0
446,1/9/2013,1,0,0,15,0,3580.164,0,2013,1,9,2,9,2,1,0
447,1/9/2013,1,0,0,16,0,4354.33,0,2013,1,9,2,9,2,1,0
448,1/9/2013,1,0,0,17,0,4797.267,0,2013,1,9,2,9,2,1,0
449,1/9/2013,1,0,0,18,0,3742.55,0,2013,1,9,2,9,2,1,0
450,1/9/2013,1,0,0,19,0,3397.542,0,2013,1,9,2,9,2,1,0
451,1/9/2013,1,0,0,20,0,0,0,2013,1,9,2,9,2,1,0
452,1/9/2013,1,0,0,21,0,0,0,2013,1,9,2,9,2,1,0
453,1/9/2013,1,0,0,22,0,0,0,2013,1,9,2,9,2,1,0
454,1/9/2013,1,0,0,23,0,7407.798,0,2013,1,9,2,9,2,1,0
455,1/9/2013,1,0,0,24,0,10383.336,0,2013,1,9,2,9,2,1,0
456,1/9/2013,1,0,0,25,0,3565.639004,0,2013,1,9,2,9,2,1,0
457,1/9/2013,1,0,0,26,0,3201.146,0,2013,1,9,2,9,2,1,0
458,1/9/2013,1,0,0,27,0,4551.224,0,2013,1,9,2,9,2,1,0
459,1/9/2013,1,0,0,28,0,2634.825004,0,2013,1,9,2,9,2,1,0
460,1/9/2013,1,0,0,29,0,0,0,2013,1,9,2,9,2,1,0
461,1/9/2013,1,0,0,30,0,2059.614998,0,2013,1,9,2,9,2,1,0
462,1/9/2013,1,0,0,31,0,3847.153,0,2013,1,9,2,9,2,1,0
463,1/9/2013,1,0,0,32,0,1771.796998,0,2013,1,9,2,9,2,1,0
464,1/9/2013,1,0,0,33,0,4062.958,0,2013,1,9,2,9,2,1,0
465,1/9/2013,1,0,0,34,0,5364.661,0,2013,1,9,2,9,2,1,0
466,1/9/2013,1,0,0,35,0,1823.754,0,2013,1,9,2,9,2,1,0
467,1/9/2013,1,0,0,36,0,0,0,2013,1,9,2,9,2,1,0
468,1/9/2013,1,0,0,37,0,8305.047,0,2013,1,9,2,9,2,1,0
469,1/9/2013,1,0,0,38,0,6236.67,0,2013,1,9,2,9,2,1,0
470,1/9/2013,1,0,0,39,0,4473.921004,0,2013,1,9,2,9,2,1,0
471,1/9/2013,1,0,0,40,0,3339.504,0,2013,1,9,2,9,2,1,0
472,1/9/2013,1,0,0,41,0,3026.804,0,2013,1,9,2,9,2,1,0
473,1/9/2013,1,0,0,42,0,0,0,2013,1,9,2,9,2,1,0
474,1/9/2013,1,0,0,43,0,3731.603,0,2013,1,9,2,9,2,1,0
475,1/9/2013,1,0,0,44,0,21296.042,0,2013,1,9,2,9,2,1,0
476,1/9/2013,1,0,0,45,0,15477.24002,0,2013,1,9,2,9,2,1,0
477,1/9/2013,1,0,0,46,0,11619.177,0,2013,1,9,2,9,2,1,0
478,1/9/2013,1,0,0,47,0,14781.954,0,2013,1,9,2,9,2,1,0
479,1/9/2013,1,0,0,48,0,8860.45897,0,2013,1,9,2,9,2,1,0
480,1/9/2013,1,0,0,49,0,8949.76401,0,2013,1,9,2,9,2,1,0
481,1/9/2013,1,0,0,50,0,9822.025,0,2013,1,9,2,9,2,1,0
482,1/9/2013,1,0,0,51,0,12751.337,0,2013,1,9,2,9,2,1,0
483,1/9/2013,1,0,0,52,0,0,0,2013,1,9,2,9,2,1,0
484,1/9/2013,1,0,0,53,0,0,0,2013,1,9,2,9,2,1,0
485,1/9/2013,1,0,0,54,0,2656.275,0,2013,1,9,2,9,2,1,0
486,1/10/2013,1,0,0,1,0,4757.715,0,2013,1,10,3,10,2,1,0
487,1/10/2013,1,0,0,2,0,5565.03601,0,2013,1,10,3,10,2,1,0
488,1/10/2013,1,0,0,3,0,12222.912,0,2013,1,10,3,10,2,1,0
489,1/10/2013,1,0,0,4,0,4674.246,0,2013,1,10,3,10,2,1,0
490,1/10/2013,1,0,0,5,0,5950.81402,0,2013,1,10,3,10,2,1,0
491,1/10/2013,1,0,0,6,0,5991.661,0,2013,1,10,3,10,2,1,0
492,1/10/2013,1,0,0,7,0,7210.11902,0,2013,1,10,3,10,2,1,0
493,1/10/2013,1,0,0,8,0,8642.57699,0,2013,1,10,3,10,2,1,0
494,1/10/2013,1,0,0,9,0,7173.656,0,2013,1,10,3,10,2,1,0
495,1/10/2013,1,0,0,10,0,3087.606,0,2013,1,10,3,10,2,1,0
496,1/10/2013,1,0,0,11,0,9524.259,0,2013,1,10,3,10,2,1,0
497,1/10/2013,1,0,0,12,0,3434.837,0,2013,1,10,3,10,2,1,0
498,1/10/2013,1,0,0,13,0,3262.861,0,2013,1,10,3,10,2,1,0
499,1/10/2013,1,0,0,14,0,4138.838,0,2013,1,10,3,10,2,1,0
500,1/10/2013,1,0,0,15,0,4116.858999,0,2013,1,10,3,10,2,1,0
501,1/10/2013,1,0,0,16,0,3497.292,0,2013,1,10,3,10,2,1,0
502,1/10/2013,1,0,0,17,0,4714.944,0,2013,1,10,3,10,2,1,0
503,1/10/2013,1,0,0,18,0,4234.049,0,2013,1,10,3,10,2,1,0
504,1/10/2013,1,0,0,19,0,3295.251004,0,2013,1,10,3,10,2,1,0
505,1/10/2013,1,0,0,20,0,0,0,2013,1,10,3,10,2,1,0
506,1/10/2013,1,0,0,21,0,0,0,2013,1,10,3,10,2,1,0
507,1/10/2013,1,0,0,22,0,0,0,2013,1,10,3,10,2,1,0
508,1/10/2013,1,0,0,23,0,4044.996,0,2013,1,10,3,10,2,1,0
509,1/10/2013,1,0,0,24,0,8296.848,0,2013,1,10,3,10,2,1,0
510,1/10/2013,1,0,0,25,0,2673.933999,0,2013,1,10,3,10,2,1,0
511,1/10/2013,1,0,0,26,0,3560.259,0,2013,1,10,3,10,2,1,0
512,1/10/2013,1,0,0,27,0,4091.222,0,2013,1,10,3,10,2,1,0
513,1/10/2013,1,0,0,28,0,2843.058,0,2013,1,10,3,10,2,1,0
514,1/10/2013,1,0,0,29,0,0,0,2013,1,10,3,10,2,1,0
515,1/10/2013,1,0,0,30,0,2010.445005,0,2013,1,10,3,10,2,1,0
516,1/10/2013,1,0,0,31,0,4056.249,0,2013,1,10,3,10,2,1,0
517,1/10/2013,1,0,0,32,0,2045.384,0,2013,1,10,3,10,2,1,0
518,1/10/2013,1,0,0,33,0,3212.466,0,2013,1,10,3,10,2,1,0
519,1/10/2013,1,0,0,34,0,4699.461,0,2013,1,10,3,10,2,1,0
520,1/10/2013,1,0,0,35,0,1621.572,0,2013,1,10,3,10,2,1,0
521,1/10/2013,1,0,0,36,0,0,0,2013,1,10,3,10,2,1,0
522,1/10/2013,1,0,0,37,0,6105.35,0,2013,1,10,3,10,2,1,0
523,1/10/2013,1,0,0,38,0,4742.98099,0,2013,1,10,3,10,2,1,0
524,1/10/2013,1,0,0,39,0,5583.423,0,2013,1,10,3,10,2,1,0
525,1/10/2013,1,0,0,40,0,3263.473,0,2013,1,10,3,10,2,1,0
526,1/10/2013,1,0,0,41,0,2592.269,0,2013,1,10,3,10,2,1,0
527,1/10/2013,1,0,0,42,0,0,0,2013,1,10,3,10,2,1,0
528,1/10/2013,1,0,0,43,0,3516.836,0,2013,1,10,3,10,2,1,0
529,1/10/2013,1,0,0,44,0,15522.82798,0,2013,1,10,3,10,2,1,0
530,1/10/2013,1,0,0,45,0,10848.866,0,2013,1,10,3,10,2,1,0
531,1/10/2013,1,0,0,46,0,9848.527,0,2013,1,10,3,10,2,1,0
532,1/10/2013,1,0,0,47,0,12557.09603,0,2013,1,10,3,10,2,1,0
533,1/10/2013,1,0,0,48,0,8438.169,0,2013,1,10,3,10,2,1,0
534,1/10/2013,1,0,0,49,0,6697.649002,0,2013,1,10,3,10,2,1,0
535,1/10/2013,1,0,0,50,0,8124.36,0,2013,1,10,3,10,2,1,0
536,1/10/2013,1,0,0,51,0,9939.93,0,2013,1,10,3,10,2,1,0
537,1/10/2013,1,0,0,52,0,0,0,2013,1,10,3,10,2,1,0
538,1/10/2013,1,0,0,53,0,0,0,2013,1,10,3,10,2,1,0
539,1/10/2013,1,0,0,54,0,2548.82,0,2013,1,10,3,10,2,1,0
540,1/11/2013,1,0,0,1,0,5494.01598,0,2013,1,11,4,11,2,1,0
541,1/11/2013,1,0,0,2,0,6459.784982,0,2013,1,11,4,11,2,1,0
542,1/11/2013,1,0,0,3,0,14997.531,0,2013,1,11,4,11,2,1,0
543,1/11/2013,1,0,0,4,0,6109.589,0,2013,1,11,4,11,2,1,0
544,1/11/2013,1,0,0,5,0,6379.973,0,2013,1,11,4,11,2,1,0
545,1/11/2013,1,0,0,6,0,7516.692,0,2013,1,11,4,11,2,1,0
546,1/11/2013,1,0,0,7,0,6897.339,0,2013,1,11,4,11,2,1,0
547,1/11/2013,1,0,0,8,0,10777.611,0,2013,1,11,4,11,2,1,0
548,1/11/2013,1,0,0,9,0,5777.136,0,2013,1,11,4,11,2,1,0
549,1/11/2013,1,0,0,10,0,3044.623,0,2013,1,11,4,11,2,1,0
550,1/11/2013,1,0,0,11,0,8173.341,0,2013,1,11,4,11,2,1,0
551,1/11/2013,1,0,0,12,0,3419.338,0,2013,1,11,4,11,2,1,0
552,1/11/2013,1,0,0,13,0,3128.215,0,2013,1,11,4,11,2,1,0
553,1/11/2013,1,0,0,14,0,4531.390001,0,2013,1,11,4,11,2,1,0
554,1/11/2013,1,0,0,15,0,3602.580002,0,2013,1,11,4,11,2,1,0
555,1/11/2013,1,0,0,16,0,3309.806,0,2013,1,11,4,11,2,1,0
556,1/11/2013,1,0,0,17,0,4156.59901,0,2013,1,11,4,11,2,1,0
557,1/11/2013,1,0,0,18,0,3393.732999,0,2013,1,11,4,11,2,1,0
558,1/11/2013,1,0,0,19,0,3936.346,0,2013,1,11,4,11,2,1,0
559,1/11/2013,1,0,0,20,0,0,0,2013,1,11,4,11,2,1,0
560,1/11/2013,1,0,0,21,0,0,0,2013,1,11,4,11,2,1,0
561,1/11/2013,1,0,0,22,0,0,0,2013,1,11,4,11,2,1,0
562,1/11/2013,1,0,0,23,0,4167.432,0,2013,1,11,4,11,2,1,0
563,1/11/2013,1,0,0,24,0,9188.096,0,2013,1,11,4,11,2,1,0
564,1/11/2013,1,0,0,25,0,4794.14799,0,2013,1,11,4,11,2,1,0
565,1/11/2013,1,0,0,26,0,3222.095,0,2013,1,11,4,11,2,1,0
566,1/11/2013,1,0,0,27,0,3763.134002,0,2013,1,11,4,11,2,1,0
567,1/11/2013,1,0,0,28,0,2568.746006,0,2013,1,11,4,11,2,1,0
568,1/11/2013,1,0,0,29,0,0,0,2013,1,11,4,11,2,1,0
569,1/11/2013,1,0,0,30,0,1815.917,0,2013,1,11,4,11,2,1,0
570,1/11/2013,1,0,0,31,0,4162.574,0,2013,1,11,4,11,2,1,0
571,1/11/2013,1,0,0,32,0,2347.323,0,2013,1,11,4,11,2,1,0
572,1/11/2013,1,0,0,33,0,4040.15801,0,2013,1,11,4,11,2,1,0
573,1/11/2013,1,0,0,34,0,6452.344,0,2013,1,11,4,11,2,1,0
574,1/11/2013,1,0,0,35,0,1693.487,0,2013,1,11,4,11,2,1,0
575,1/11/2013,1,0,0,36,0,0,0,2013,1,11,4,11,2,1,0
576,1/11/2013,1,0,0,37,0,6795.196,0,2013,1,11,4,11,2,1,0
577,1/11/2013,1,0,0,38,0,6211.376001,0,2013,1,11,4,11,2,1,0
578,1/11/2013,1,0,0,39,0,4304.530002,0,2013,1,11,4,11,2,1,0
579,1/11/2013,1,0,0,40,0,3540.153,0,2013,1,11,4,11,2,1,0
580,1/11/2013,1,0,0,41,0,3017.431,0,2013,1,11,4,11,2,1,0
581,1/11/2013,1,0,0,42,0,0,0,2013,1,11,4,11,2,1,0
582,1/11/2013,1,0,0,43,0,4071.888,0,2013,1,11,4,11,2,1,0
583,1/11/2013,1,0,0,44,0,19738.47498,0,2013,1,11,4,11,2,1,0
584,1/11/2013,1,0,0,45,0,14211.40106,0,2013,1,11,4,11,2,1,0
585,1/11/2013,1,0,0,46,0,11766.18899,0,2013,1,11,4,11,2,1,0
586,1/11/2013,1,0,0,47,0,15506.021,0,2013,1,11,4,11,2,1,0
587,1/11/2013,1,0,0,48,0,10315.50606,0,2013,1,11,4,11,2,1,0
588,1/11/2013,1,0,0,49,0,7993.129,0,2013,1,11,4,11,2,1,0
589,1/11/2013,1,0,0,50,0,8876.27801,0,2013,1,11,4,11,2,1,0
590,1/11/2013,1,0,0,51,0,11170.111,0,2013,1,11,4,11,2,1,0
591,1/11/2013,1,0,0,52,0,0,0,2013,1,11,4,11,2,1,0
592,1/11/2013,1,0,0,53,0,0,0,2013,1,11,4,11,2,1,0
593,1/11/2013,1,0,0,54,0,2898.904,0,2013,1,11,4,11,2,1,0
594,1/12/2013,1,1,3,1,0,5467.78298,0,2013,1,12,5,12,2,1,1
595,1/12/2013,1,1,3,2,0,8215,0,2013,1,12,5,12,2,1,1
596,1/12/2013,1,1,3,3,0,20103.025,0,2013,1,12,5,12,2,1,1
597,1/12/2013,1,1,3,4,0,7245.197004,0,2013,1,12,5,12,2,1,1
598,1/12/2013,1,1,3,5,0,6935.206,0,2013,1,12,5,12,2,1,1
599,1/12/2013,1,1,3,6,0,10220.597,0,2013,1,12,5,12,2,1,1
600,1/12/2013,1,1,3,7,0,7179.963,0,2013,1,12,5,12,2,1,1
601,1/12/2013,1,1,3,8,0,12540.556,0,2013,1,12,5,12,2,1,1
602,1/12/2013,1,1,3,9,0,10308.324,0,2013,1,12,5,12,2,1,1
603,1/12/2013,1,1,3,10,0,4186.056,0,2013,1,12,5,12,2,1,1
604,1/12/2013,1,1,3,11,0,12142.971,0,2013,1,12,5,12,2,1,1
605,1/12/2013,1,1,3,12,0,4898.574,0,2013,1,12,5,12,2,1,1
606,1/12/2013,1,1,3,13,0,5361.829989,0,2013,1,12,5,12,2,1,1
607,1/12/2013,1,1,3,14,0,7193.645,0,2013,1,12,5,12,2,1,1
608,1/12/2013,1,1,3,15,0,4787.259,0,2013,1,12,5,12,2,1,1
609,1/12/2013,1,1,3,16,0,4530.499,0,2013,1,12,5,12,2,1,1
610,1/12/2013,1,1,3,17,0,6547.829,0,2013,1,12,5,12,2,1,1
611,1/12/2013,1,1,3,18,0,4802.62601,0,2013,1,12,5,12,2,1,1
612,1/12/2013,1,1,3,19,0,4824.005,0,2013,1,12,5,12,2,1,1
613,1/12/2013,1,1,3,20,0,0,0,2013,1,12,5,12,2,1,1
614,1/12/2013,1,1,3,21,0,0,0,2013,1,12,5,12,2,1,1
615,1/12/2013,1,1,3,22,0,0,0,2013,1,12,5,12,2,1,1
616,1/12/2013,1,1,3,23,0,5478.61,0,2013,1,12,5,12,2,1,1
617,1/12/2013,1,1,3,24,0,10410.881,0,2013,1,12,5,12,2,1,1
618,1/12/2013,1,1,3,25,0,7036.223,0,2013,1,12,5,12,2,1,1
619,1/12/2013,1,1,3,26,0,3917.51702,0,2013,1,12,5,12,2,1,1
620,1/12/2013,1,1,3,27,0,6831.977998,0,2013,1,12,5,12,2,1,1
621,1/12/2013,1,1,3,28,0,4894.783,0,2013,1,12,5,12,2,1,1
622,1/12/2013,1,1,3,29,0,0,0,2013,1,12,5,12,2,1,1
623,1/12/2013,1,1,3,30,0,2701.779005,0,2013,1,12,5,12,2,1,1
624,1/12/2013,1,1,3,31,0,6299.793,0,2013,1,12,5,12,2,1,1
625,1/12/2013,1,1,3,32,0,2581.304002,0,2013,1,12,5,12,2,1,1
626,1/12/2013,1,1,3,33,0,5226.362,0,2013,1,12,5,12,2,1,1
627,1/12/2013,1,1,3,34,0,6645.531,0,2013,1,12,5,12,2,1,1
628,1/12/2013,1,1,3,35,0,3247.009007,0,2013,1,12,5,12,2,1,1
629,1/12/2013,1,1,3,36,0,0,0,2013,1,12,5,12,2,1,1
630,1/12/2013,1,1,3,37,0,8429.15799,0,2013,1,12,5,12,2,1,1
631,1/12/2013,1,1,3,38,0,8617.246005,0,2013,1,12,5,12,2,1,1
632,1/12/2013,1,1,3,39,0,10403.725,0,2013,1,12,5,12,2,1,1
633,1/12/2013,1,1,3,40,0,4949.431,0,2013,1,12,5,12,2,1,1
634,1/12/2013,1,1,3,41,0,4247.38499,0,2013,1,12,5,12,2,1,1
635,1/12/2013,1,1,3,42,0,0,0,2013,1,12,5,12,2,1,1
636,1/12/2013,1,1,3,43,0,3894.417001,0,2013,1,12,5,12,2,1,1
637,1/12/2013,1,1,3,44,0,25418.678,0,2013,1,12,5,12,2,1,1
638,1/12/2013,1,1,3,45,0,22140.054,0,2013,1,12,5,12,2,1,1
639,1/12/2013,1,1,3,46,0,19544.30902,0,2013,1,12,5,12,2,1,1
640,1/12/2013,1,1,3,47,0,21611.57298,0,2013,1,12,5,12,2,1,1
641,1/12/2013,1,1,3,48,0,16388.63599,0,2013,1,12,5,12,2,1,1
642,1/12/2013,1,1,3,49,0,11364.16001,0,2013,1,12,5,12,2,1,1
643,1/12/2013,1,1,3,50,0,14671.17098,0,2013,1,12,5,12,2,1,1
644,1/12/2013,1,1,3,51,0,14567.40803,0,2013,1,12,5,12,2,1,1
645,1/12/2013,1,1,3,52,0,0,0,2013,1,12,5,12,2,1,1
646,1/12/2013,1,1,3,53,0,0,0,2013,1,12,5,12,2,1,1
647,1/12/2013,1,1,3,54,0,4248.146,0,2013,1,12,5,12,2,1,1
648,1/13/2013,1,0,0,1,0,2693.878004,0,2013,1,13,6,13,2,1,1
649,1/13/2013,1,0,0,2,0,10029.188,0,2013,1,13,6,13,2,1,1
650,1/13/2013,1,0,0,3,0,20230.129,0,2013,1,13,6,13,2,1,1
651,1/13/2013,1,0,0,4,0,10677.335,0,2013,1,13,6,13,2,1,1
652,1/13/2013,1,0,0,5,0,9284.70298,0,2013,1,13,6,13,2,1,1
653,1/13/2013,1,0,0,6,0,14205.98901,0,2013,1,13,6,13,2,1,1
654,1/13/2013,1,0,0,7,0,8143.62,0,2013,1,13,6,13,2,1,1
655,1/13/2013,1,0,0,8,0,14227.95802,0,2013,1,13,6,13,2,1,1
656,1/13/2013,1,0,0,9,0,13268.357,0,2013,1,13,6,13,2,1,1
657,1/13/2013,1,0,0,10,0,4919.65,0,2013,1,13,6,13,2,1,1
658,1/13/2013,1,0,0,11,0,12111.49496,0,2013,1,13,6,13,2,1,1
659,1/13/2013,1,0,0,12,0,5472.143,0,2013,1,13,6,13,2,1,1
660,1/13/2013,1,0,0,13,0,3922.927,0,2013,1,13,6,13,2,1,1
661,1/13/2013,1,0,0,14,0,4927.328,0,2013,1,13,6,13,2,1,1
662,1/13/2013,1,0,0,15,0,4061.469,0,2013,1,13,6,13,2,1,1
663,1/13/2013,1,0,0,16,0,7229.828,0,2013,1,13,6,13,2,1,1
664,1/13/2013,1,0,0,17,0,8069.092,0,2013,1,13,6,13,2,1,1
665,1/13/2013,1,0,0,18,0,6843.665,0,2013,1,13,6,13,2,1,1
666,1/13/2013,1,0,0,19,0,4878.022,0,2013,1,13,6,13,2,1,1
667,1/13/2013,1,0,0,20,0,0,0,2013,1,13,6,13,2,1,1
668,1/13/2013,1,0,0,21,0,0,0,2013,1,13,6,13,2,1,1
669,1/13/2013,1,0,0,22,0,0,0,2013,1,13,6,13,2,1,1
670,1/13/2013,1,0,0,23,0,5227.582,0,2013,1,13,6,13,2,1,1
671,1/13/2013,1,0,0,24,0,10914.778,0,2013,1,13,6,13,2,1,1
672,1/13/2013,1,0,0,25,0,3174.203995,0,2013,1,13,6,13,2,1,1
673,1/13/2013,1,0,0,26,0,5713.734,0,2013,1,13,6,13,2,1,1
674,1/13/2013,1,0,0,27,0,9239.83101,0,2013,1,13,6,13,2,1,1
675,1/13/2013,1,0,0,28,0,7721.679,0,2013,1,13,6,13,2,1,1
676,1/13/2013,1,0,0,29,0,0,0,2013,1,13,6,13,2,1,1
677,1/13/2013,1,0,0,30,0,2932.589,0,2013,1,13,6,13,2,1,1
678,1/13/2013,1,0,0,31,0,8238.797,0,2013,1,13,6,13,2,1,1
679,1/13/2013,1,0,0,32,0,2569.807,0,2013,1,13,6,13,2,1,1
680,1/13/2013,1,0,0,33,0,6123.217,0,2013,1,13,6,13,2,1,1
681,1/13/2013,1,0,0,34,0,6559.63501,0,2013,1,13,6,13,2,1,1
682,1/13/2013,1,0,0,35,0,2249.97,0,2013,1,13,6,13,2,1,1
683,1/13/2013,1,0,0,36,0,0,0,2013,1,13,6,13,2,1,1
684,1/13/2013,1,0,0,37,0,7128.303,0,2013,1,13,6,13,2,1,1
685,1/13/2013,1,0,0,38,0,10035.788,0,2013,1,13,6,13,2,1,1
686,1/13/2013,1,0,0,39,0,7750.805,0,2013,1,13,6,13,2,1,1
687,1/13/2013,1,0,0,40,0,5254.032,0,2013,1,13,6,13,2,1,1
688,1/13/2013,1,0,0,41,0,6301.52101,0,2013,1,13,6,13,2,1,1
689,1/13/2013,1,0,0,42,0,0,0,2013,1,13,6,13,2,1,1
690,1/13/2013,1,0,0,43,0,4636.879,0,2013,1,13,6,13,2,1,1
691,1/13/2013,1,0,0,44,0,31129.35,0,2013,1,13,6,13,2,1,1
692,1/13/2013,1,0,0,45,0,27715.914,0,2013,1,13,6,13,2,1,1
693,1/13/2013,1,0,0,46,0,26003.722,0,2013,1,13,6,13,2,1,1
694,1/13/2013,1,0,0,47,0,27466.767,0,2013,1,13,6,13,2,1,1
695,1/13/2013,1,0,0,48,0,22270.36,0,2013,1,13,6,13,2,1,1
696,1/13/2013,1,0,0,49,0,15268.749,0,2013,1,13,6,13,2,1,1
697,1/13/2013,1,0,0,50,0,16617.499,0,2013,1,13,6,13,2,1,1
698,1/13/2013,1,0,0,51,0,14753.413,0,2013,1,13,6,13,2,1,1
699,1/13/2013,1,0,0,52,0,0,0,2013,1,13,6,13,2,1,1
700,1/13/2013,1,0,0,53,0,0,0,2013,1,13,6,13,2,1,1
701,1/13/2013,1,0,0,54,0,6442.847,0,2013,1,13,6,13,2,1,1
702,1/14/2013,1,0,0,1,0,5651.68501,0,2013,1,14,0,14,3,1,0
703,1/14/2013,1,0,0,2,0,5963.017,0,2013,1,14,0,14,3,1,0
704,1/14/2013,1,0,0,3,0,14202.92,0,2013,1,14,0,14,3,1,0
705,1/14/2013,1,0,0,4,0,5399.8,0,2013,1,14,0,14,3,1,0
706,1/14/2013,1,0,0,5,0,6090.491,0,2013,1,14,0,14,3,1,0
707,1/14/2013,1,0,0,6,0,7694.75,0,2013,1,14,0,14,3,1,0
708,1/14/2013,1,0,0,7,0,8020.472,0,2013,1,14,0,14,3,1,0
709,1/14/2013,1,0,0,8,0,9174.19001,0,2013,1,14,0,14,3,1,0
710,1/14/2013,1,0,0,9,0,8723.624,0,2013,1,14,0,14,3,1,0
711,1/14/2013,1,0,0,10,0,3384.093,0,2013,1,14,0,14,3,1,0
712,1/14/2013,1,0,0,11,0,8460.26003,0,2013,1,14,0,14,3,1,0
713,1/14/2013,1,0,0,12,0,3700.512,0,2013,1,14,0,14,3,1,0
714,1/14/2013,1,0,0,13,0,3755.465,0,2013,1,14,0,14,3,1,0
715,1/14/2013,1,0,0,14,0,5336.432002,0,2013,1,14,0,14,3,1,0
716,1/14/2013,1,0,0,15,0,4425.923997,0,2013,1,14,0,14,3,1,0
717,1/14/2013,1,0,0,16,0,4256.067004,0,2013,1,14,0,14,3,1,0
718,1/14/2013,1,0,0,17,0,5607.06101,0,2013,1,14,0,14,3,1,0
719,1/14/2013,1,0,0,18,0,3975.59,0,2013,1,14,0,14,3,1,0
720,1/14/2013,1,0,0,19,0,3820.142004,0,2013,1,14,0,14,3,1,0
721,1/14/2013,1,0,0,20,0,0,0,2013,1,14,0,14,3,1,0
722,1/14/2013,1,0,0,21,0,0,0,2013,1,14,0,14,3,1,0
723,1/14/2013,1,0,0,22,0,0,0,2013,1,14,0,14,3,1,0
724,1/14/2013,1,0,0,23,0,4357.227,0,2013,1,14,0,14,3,1,0
725,1/14/2013,1,0,0,24,0,8373.67298,0,2013,1,14,0,14,3,1,0
726,1/14/2013,1,0,0,25,0,3156.056,0,2013,1,14,0,14,3,1,0
727,1/14/2013,1,0,0,26,0,3506.997,0,2013,1,14,0,14,3,1,0
728,1/14/2013,1,0,0,27,0,4827.201998,0,2013,1,14,0,14,3,1,0
729,1/14/2013,1,0,0,28,0,3409.721997,0,2013,1,14,0,14,3,1,0
730,1/14/2013,1,0,0,29,0,0,0,2013,1,14,0,14,3,1,0
731,1/14/2013,1,0,0,30,0,2283.881,0,2013,1,14,0,14,3,1,0
732,1/14/2013,1,0,0,31,0,5029.744,0,2013,1,14,0,14,3,1,0
733,1/14/2013,1,0,0,32,0,2015.178998,0,2013,1,14,0,14,3,1,0
734,1/14/2013,1,0,0,33,0,4427.27201,0,2013,1,14,0,14,3,1,0
735,1/14/2013,1,0,0,34,0,5890.907,0,2013,1,14,0,14,3,1,0
736,1/14/2013,1,0,0,35,0,2109.892,0,2013,1,14,0,14,3,1,0
737,1/14/2013,1,0,0,36,0,0,0,2013,1,14,0,14,3,1,0
738,1/14/2013,1,0,0,37,0,6376.966,0,2013,1,14,0,14,3,1,0
739,1/14/2013,1,0,0,38,0,5942.527,0,2013,1,14,0,14,3,1,0
740,1/14/2013,1,0,0,39,0,5322.9,0,2013,1,14,0,14,3,1,0
741,1/14/2013,1,0,0,40,0,4145.396,0,2013,1,14,0,14,3,1,0
742,1/14/2013,1,0,0,41,0,3326.256,0,2013,1,14,0,14,3,1,0
743,1/14/2013,1,0,0,42,0,0,0,2013,1,14,0,14,3,1,0
744,1/14/2013,1,0,0,43,0,3534.178004,0,2013,1,14,0,14,3,1,0
745,1/14/2013,1,0,0,44,0,17518.412,0,2013,1,14,0,14,3,1,0
746,1/14/2013,1,0,0,45,0,13467.194,0,2013,1,14,0,14,3,1,0
747,1/14/2013,1,0,0,46,0,12345.809,0,2013,1,14,0,14,3,1,0
748,1/14/2013,1,0,0,47,0,13685.84902,0,2013,1,14,0,14,3,1,0
749,1/14/2013,1,0,0,48,0,8997.085994,0,2013,1,14,0,14,3,1,0
750,1/14/2013,1,0,0,49,0,8095.553,0,2013,1,14,0,14,3,1,0
751,1/14/2013,1,0,0,50,0,9432.88201,0,2013,1,14,0,14,3,1,0
752,1/14/2013,1,0,0,51,0,10732.842,0,2013,1,14,0,14,3,1,0
753,1/14/2013,1,0,0,52,0,0,0,2013,1,14,0,14,3,1,0
754,1/14/2013,1,0,0,53,0,0,0,2013,1,14,0,14,3,1,0
755,1/14/2013,1,0,0,54,0,3394.265,0,2013,1,14,0,14,3,1,0
756,1/15/2013,1,0,0,1,0,5204.174,0,2013,1,15,1,15,3,1,0
757,1/15/2013,1,0,0,2,0,5841.515,0,2013,1,15,1,15,3,1,0
758,1/15/2013,1,0,0,3,0,13860.338,0,2013,1,15,1,15,3,1,0
759,1/15/2013,1,0,0,4,0,6089.669001,0,2013,1,15,1,15,3,1,0
760,1/15/2013,1,0,0,5,0,6209.218,0,2013,1,15,1,15,3,1,0
761,1/15/2013,1,0,0,6,0,7587.932005,0,2013,1,15,1,15,3,1,0
762,1/15/2013,1,0,0,7,0,7888.646,0,2013,1,15,1,15,3,1,0
763,1/15/2013,1,0,0,8,0,8567.558,0,2013,1,15,1,15,3,1,0
764,1/15/2013,1,0,0,9,0,8599.90498,0,2013,1,15,1,15,3,1,0
765,1/15/2013,1,0,0,10,0,3848.84102,0,2013,1,15,1,15,3,1,0
766,1/15/2013,1,0,0,11,0,9064.25597,0,2013,1,15,1,15,3,1,0
767,1/15/2013,1,0,0,12,0,3999.869,0,2013,1,15,1,15,3,1,0
768,1/15/2013,1,0,0,13,0,3769.515,0,2013,1,15,1,15,3,1,0
769,1/15/2013,1,0,0,14,0,4770.311,0,2013,1,15,1,15,3,1,0
770,1/15/2013,1,0,0,15,0,3736.047005,0,2013,1,15,1,15,3,1,0
771,1/15/2013,1,0,0,16,0,4684.52,0,2013,1,15,1,15,3,1,0
772,1/15/2013,1,0,0,17,0,5240.76401,0,2013,1,15,1,15,3,1,0
773,1/15/2013,1,0,0,18,0,4686.08,0,2013,1,15,1,15,3,1,0
774,1/15/2013,1,0,0,19,0,3106.69,0,2013,1,15,1,15,3,1,0
775,1/15/2013,1,0,0,20,0,0,0,2013,1,15,1,15,3,1,0
776,1/15/2013,1,0,0,21,0,0,0,2013,1,15,1,15,3,1,0
777,1/15/2013,1,0,0,22,0,0,0,2013,1,15,1,15,3,1,0
778,1/15/2013,1,0,0,23,0,10066.204,0,2013,1,15,1,15,3,1,0
779,1/15/2013,1,0,0,24,0,8755.13,0,2013,1,15,1,15,3,1,0
780,1/15/2013,1,0,0,25,0,3005.576,0,2013,1,15,1,15,3,1,0
781,1/15/2013,1,0,0,26,0,3794.024996,0,2013,1,15,1,15,3,1,0
782,1/15/2013,1,0,0,27,0,4514.514,0,2013,1,15,1,15,3,1,0
783,1/15/2013,1,0,0,28,0,4008.027004,0,2013,1,15,1,15,3,1,0
784,1/15/2013,1,0,0,29,0,0,0,2013,1,15,1,15,3,1,0
785,1/15/2013,1,0,0,30,0,2787.05,0,2013,1,15,1,15,3,1,0
786,1/15/2013,1,0,0,31,0,5492.106,0,2013,1,15,1,15,3,1,0
787,1/15/2013,1,0,0,32,0,2097.696,0,2013,1,15,1,15,3,1,0
788,1/15/2013,1,0,0,33,0,4646.010004,0,2013,1,15,1,15,3,1,0
789,1/15/2013,1,0,0,34,0,5890.276,0,2013,1,15,1,15,3,1,0
790,1/15/2013,1,0,0,35,0,2539.786,0,2013,1,15,1,15,3,1,0
791,1/15/2013,1,0,0,36,0,0,0,2013,1,15,1,15,3,1,0
792,1/15/2013,1,0,0,37,0,7696.86301,0,2013,1,15,1,15,3,1,0
793,1/15/2013,1,0,0,38,0,5056.758,0,2013,1,15,1,15,3,1,0
794,1/15/2013,1,0,0,39,0,5418.598,0,2013,1,15,1,15,3,1,0
795,1/15/2013,1,0,0,40,0,4590.991,0,2013,1,15,1,15,3,1,0
796,1/15/2013,1,0,0,41,0,3116.790006,0,2013,1,15,1,15,3,1,0
797,1/15/2013,1,0,0,42,0,0,0,2013,1,15,1,15,3,1,0
798,1/15/2013,1,0,0,43,0,3689.284,0,2013,1,15,1,15,3,1,0
799,1/15/2013,1,0,0,44,0,15761.721,0,2013,1,15,1,15,3,1,0
800,1/15/2013,1,0,0,45,0,13640.937,0,2013,1,15,1,15,3,1,0
801,1/15/2013,1,0,0,46,0,11744.59401,0,2013,1,15,1,15,3,1,0
802,1/15/2013,1,0,0,47,0,14380.484,0,2013,1,15,1,15,3,1,0
803,1/15/2013,1,0,0,48,0,9573.603,0,2013,1,15,1,15,3,1,0
804,1/15/2013,1,0,0,49,0,7533.966,0,2013,1,15,1,15,3,1,0
805,1/15/2013,1,0,0,50,0,8698.28995,0,2013,1,15,1,15,3,1,0
806,1/15/2013,1,0,0,51,0,10648.97398,0,2013,1,15,1,15,3,1,0
807,1/15/2013,1,0,0,52,0,0,0,2013,1,15,1,15,3,1,0
808,1/15/2013,1,0,0,53,0,0,0,2013,1,15,1,15,3,1,0
809,1/15/2013,1,0,0,54,0,3225.449003,0,2013,1,15,1,15,3,1,0
810,1/16/2013,1,0,0,1,0,6733.596002,0,2013,1,16,2,16,3,1,0
811,1/16/2013,1,0,0,2,0,7145.498,0,2013,1,16,2,16,3,1,0
812,1/16/2013,1,0,0,3,0,16888.118,0,2013,1,16,2,16,3,1,0
813,1/16/2013,1,0,0,4,0,7106.776,0,2013,1,16,2,16,3,1,0
814,1/16/2013,1,0,0,5,0,6821.91198,0,2013,1,16,2,16,3,1,0
815,1/16/2013,1,0,0,6,0,9183.523,0,2013,1,16,2,16,3,1,0
816,1/16/2013,1,0,0,7,0,8314.345,0,2013,1,16,2,16,3,1,0
817,1/16/2013,1,0,0,8,0,10511.751,0,2013,1,16,2,16,3,1,0
818,1/16/2013,1,0,0,9,0,7858.054,0,2013,1,16,2,16,3,1,0
819,1/16/2013,1,0,0,10,0,3090.116,0,2013,1,16,2,16,3,1,0
820,1/16/2013,1,0,0,11,0,8349.785,0,2013,1,16,2,16,3,1,0
821,1/16/2013,1,0,0,12,0,3215.464,0,2013,1,16,2,16,3,1,0
822,1/16/2013,1,0,0,13,0,3089.911,0,2013,1,16,2,16,3,1,0
823,1/16/2013,1,0,0,14,0,4254.095,0,2013,1,16,2,16,3,1,0
824,1/16/2013,1,0,0,15,0,4319.945,0,2013,1,16,2,16,3,1,0
825,1/16/2013,1,0,0,16,0,3356.067,0,2013,1,16,2,16,3,1,0
826,1/16/2013,1,0,0,17,0,4666.534,0,2013,1,16,2,16,3,1,0
827,1/16/2013,1,0,0,18,0,4222.622,0,2013,1,16,2,16,3,1,0
828,1/16/2013,1,0,0,19,0,3307.452,0,2013,1,16,2,16,3,1,0
829,1/16/2013,1,0,0,20,0,0,0,2013,1,16,2,16,3,1,0
830,1/16/2013,1,0,0,21,0,0,0,2013,1,16,2,16,3,1,0
831,1/16/2013,1,0,0,22,0,0,0,2013,1,16,2,16,3,1,0
832,1/16/2013,1,0,0,23,0,4582.55099,0,2013,1,16,2,16,3,1,0
833,1/16/2013,1,0,0,24,0,10363.573,0,2013,1,16,2,16,3,1,0
834,1/16/2013,1,0,0,25,0,3854.7,0,2013,1,16,2,16,3,1,0
835,1/16/2013,1,0,0,26,0,3580.056,0,2013,1,16,2,16,3,1,0
836,1/16/2013,1,0,0,27,0,5210.396,0,2013,1,16,2,16,3,1,0
837,1/16/2013,1,0,0,28,0,3646.359,0,2013,1,16,2,16,3,1,0
838,1/16/2013,1,0,0,29,0,0,0,2013,1,16,2,16,3,1,0
839,1/16/2013,1,0,0,30,0,2086.946,0,2013,1,16,2,16,3,1,0
840,1/16/2013,1,0,0,31,0,4025.658004,0,2013,1,16,2,16,3,1,0
841,1/16/2013,1,0,0,32,0,1832.261,0,2013,1,16,2,16,3,1,0
842,1/16/2013,1,0,0,33,0,4688.104999,0,2013,1,16,2,16,3,1,0
843,1/16/2013,1,0,0,34,0,5774.602,0,2013,1,16,2,16,3,1,0
844,1/16/2013,1,0,0,35,0,2168.956001,0,2013,1,16,2,16,3,1,0
845,1/16/2013,1,0,0,36,0,0,0,2013,1,16,2,16,3,1,0
846,1/16/2013,1,0,0,37,0,8429.867995,0,2013,1,16,2,16,3,1,0
847,1/16/2013,1,0,0,38,0,5681.722,0,2013,1,16,2,16,3,1,0
848,1/16/2013,1,0,0,39,0,4554.361002,0,2013,1,16,2,16,3,1,0
849,1/16/2013,1,0,0,40,0,3856.578998,0,2013,1,16,2,16,3,1,0
850,1/16/2013,1,0,0,41,0,3132.384,0,2013,1,16,2,16,3,1,0
851,1/16/2013,1,0,0,42,0,0,0,2013,1,16,2,16,3,1,0
852,1/16/2013,1,0,0,43,0,3415.579,0,2013,1,16,2,16,3,1,0
853,1/16/2013,1,0,0,44,0,21994.873,0,2013,1,16,2,16,3,1,0
854,1/16/2013,1,0,0,45,0,16801.528,0,2013,1,16,2,16,3,1,0
855,1/16/2013,1,0,0,46,0,13205.68498,0,2013,1,16,2,16,3,1,0
856,1/16/2013,1,0,0,47,0,16137.23,0,2013,1,16,2,16,3,1,0
857,1/16/2013,1,0,0,48,0,9480.698995,0,2013,1,16,2,16,3,1,0
858,1/16/2013,1,0,0,49,0,10288.212,0,2013,1,16,2,16,3,1,0
859,1/16/2013,1,0,0,50,0,10889.741,0,2013,1,16,2,16,3,1,0
860,1/16/2013,1,0,0,51,0,13738.811,0,2013,1,16,2,16,3,1,0
861,1/16/2013,1,0,0,52,0,0,0,2013,1,16,2,16,3,1,0
862,1/16/2013,1,0,0,53,0,0,0,2013,1,16,2,16,3,1,0
863,1/16/2013,1,0,0,54,0,2490.915,0,2013,1,16,2,16,3,1,0
864,1/17/2013,1,0,0,1,0,4942.474,0,2013,1,17,3,17,3,1,0
865,1/17/2013,1,0,0,2,0,5706.20102,0,2013,1,17,3,17,3,1,0
866,1/17/2013,1,0,0,3,0,12990.799,0,2013,1,17,3,17,3,1,0
867,1/17/2013,1,0,0,4,0,5024.425,0,2013,1,17,3,17,3,1,0
868,1/17/2013,1,0,0,5,0,5739.371,0,2013,1,17,3,17,3,1,0
869,1/17/2013,1,0,0,6,0,6800.054,0,2013,1,17,3,17,3,1,0
870,1/17/2013,1,0,0,7,0,6822.315,0,2013,1,17,3,17,3,1,0
871,1/17/2013,1,0,0,8,0,8372.51901,0,2013,1,17,3,17,3,1,0
872,1/17/2013,1,0,0,9,0,7030.043,0,2013,1,17,3,17,3,1,0
873,1/17/2013,1,0,0,10,0,2878.127,0,2013,1,17,3,17,3,1,0
874,1/17/2013,1,0,0,11,0,8179.532,0,2013,1,17,3,17,3,1,0
875,1/17/2013,1,0,0,12,0,3499.295,0,2013,1,17,3,17,3,1,0
876,1/17/2013,1,0,0,13,0,2976.131,0,2013,1,17,3,17,3,1,0
877,1/17/2013,1,0,0,14,0,3936.944,0,2013,1,17,3,17,3,1,0
878,1/17/2013,1,0,0,15,0,3785.211,0,2013,1,17,3,17,3,1,0
879,1/17/2013,1,0,0,16,0,3791.625996,0,2013,1,17,3,17,3,1,0
880,1/17/2013,1,0,0,17,0,4434.525,0,2013,1,17,3,17,3,1,0
881,1/17/2013,1,0,0,18,0,4176.618,0,2013,1,17,3,17,3,1,0
882,1/17/2013,1,0,0,19,0,3072.527996,0,2013,1,17,3,17,3,1,0
883,1/17/2013,1,0,0,20,0,0,0,2013,1,17,3,17,3,1,0
884,1/17/2013,1,0,0,21,0,0,0,2013,1,17,3,17,3,1,0
885,1/17/2013,1,0,0,22,0,0,0,2013,1,17,3,17,3,1,0
886,1/17/2013,1,0,0,23,0,3871.628,0,2013,1,17,3,17,3,1,0
887,1/17/2013,1,0,0,24,0,9992.217,0,2013,1,17,3,17,3,1,0
888,1/17/2013,1,0,0,25,0,2616.904,0,2013,1,17,3,17,3,1,0
889,1/17/2013,1,0,0,26,0,4072.082,0,2013,1,17,3,17,3,1,0
890,1/17/2013,1,0,0,27,0,4310.253,0,2013,1,17,3,17,3,1,0
891,1/17/2013,1,0,0,28,0,3680.455,0,2013,1,17,3,17,3,1,0
892,1/17/2013,1,0,0,29,0,0,0,2013,1,17,3,17,3,1,0
893,1/17/2013,1,0,0,30,0,2412.867,0,2013,1,17,3,17,3,1,0
894,1/17/2013,1,0,0,31,0,4589.045,0,2013,1,17,3,17,3,1,0
895,1/17/2013,1,0,0,32,0,2225.467,0,2013,1,17,3,17,3,1,0
896,1/17/2013,1,0,0,33,0,4097.794,0,2013,1,17,3,17,3,1,0
897,1/17/2013,1,0,0,34,0,6387.03,0,2013,1,17,3,17,3,1,0
898,1/17/2013,1,0,0,35,0,1909.577,0,2013,1,17,3,17,3,1,0
899,1/17/2013,1,0,0,36,0,0,0,2013,1,17,3,17,3,1,0
900,1/17/2013,1,0,0,37,0,5752.584001,0,2013,1,17,3,17,3,1,0
901,1/17/2013,1,0,0,38,0,4979.514994,0,2013,1,17,3,17,3,1,0
902,1/17/2013,1,0,0,39,0,4957.036,0,2013,1,17,3,17,3,1,0
903,1/17/2013,1,0,0,40,0,3309.084999,0,2013,1,17,3,17,3,1,0
904,1/17/2013,1,0,0,41,0,3228.48,0,2013,1,17,3,17,3,1,0
905,1/17/2013,1,0,0,42,0,0,0,2013,1,17,3,17,3,1,0
906,1/17/2013,1,0,0,43,0,3431.708,0,2013,1,17,3,17,3,1,0
907,1/17/2013,1,0,0,44,0,14999.145,0,2013,1,17,3,17,3,1,0
908,1/17/2013,1,0,0,45,0,13044.089,0,2013,1,17,3,17,3,1,0
909,1/17/2013,1,0,0,46,0,10424.633,0,2013,1,17,3,17,3,1,0
910,1/17/2013,1,0,0,47,0,12572.42898,0,2013,1,17,3,17,3,1,0
911,1/17/2013,1,0,0,48,0,8639.745,0,2013,1,17,3,17,3,1,0
912,1/17/2013,1,0,0,49,0,6989.17698,0,2013,1,17,3,17,3,1,0
913,1/17/2013,1,0,0,50,0,8389.745,0,2013,1,17,3,17,3,1,0
914,1/17/2013,1,0,0,51,0,9776.874,0,2013,1,17,3,17,3,1,0
915,1/17/2013,1,0,0,52,0,0,0,2013,1,17,3,17,3,1,0
916,1/17/2013,1,0,0,53,0,0,0,2013,1,17,3,17,3,1,0
917,1/17/2013,1,0,0,54,0,2680.214,0,2013,1,17,3,17,3,1,0
918,1/18/2013,1,0,0,1,0,5923.124001,0,2013,1,18,4,18,3,1,0
919,1/18/2013,1,0,0,2,0,7439.493,0,2013,1,18,4,18,3,1,0
920,1/18/2013,1,0,0,3,0,15057.814,0,2013,1,18,4,18,3,1,0
921,1/18/2013,1,0,0,4,0,6419.261,0,2013,1,18,4,18,3,1,0
922,1/18/2013,1,0,0,5,0,5656.092,0,2013,1,18,4,18,3,1,0
923,1/18/2013,1,0,0,6,0,6984.24898,0,2013,1,18,4,18,3,1,0
924,1/18/2013,1,0,0,7,0,8593.85,0,2013,1,18,4,18,3,1,0
925,1/18/2013,1,0,0,8,0,10153.301,0,2013,1,18,4,18,3,1,0
926,1/18/2013,1,0,0,9,0,6157.97599,0,2013,1,18,4,18,3,1,0
927,1/18/2013,1,0,0,10,0,2666.408,0,2013,1,18,4,18,3,1,0
928,1/18/2013,1,0,0,11,0,8592.00699,0,2013,1,18,4,18,3,1,0
929,1/18/2013,1,0,0,12,0,3758.635,0,2013,1,18,4,18,3,1,0
930,1/18/2013,1,0,0,13,0,3251.225,0,2013,1,18,4,18,3,1,0
931,1/18/2013,1,0,0,14,0,4178.770998,0,2013,1,18,4,18,3,1,0
932,1/18/2013,1,0,0,15,0,3339.834001,0,2013,1,18,4,18,3,1,0
933,1/18/2013,1,0,0,16,0,3554.046,0,2013,1,18,4,18,3,1,0
934,1/18/2013,1,0,0,17,0,5285.722,0,2013,1,18,4,18,3,1,0
935,1/18/2013,1,0,0,18,0,3412.143,0,2013,1,18,4,18,3,1,0
936,1/18/2013,1,0,0,19,0,3335.402,0,2013,1,18,4,18,3,1,0
937,1/18/2013,1,0,0,20,0,0,0,2013,1,18,4,18,3,1,0
938,1/18/2013,1,0,0,21,0,0,0,2013,1,18,4,18,3,1,0
939,1/18/2013,1,0,0,22,0,0,0,2013,1,18,4,18,3,1,0
940,1/18/2013,1,0,0,23,0,3658.67001,0,2013,1,18,4,18,3,1,0
941,1/18/2013,1,0,0,24,0,10083.15,0,2013,1,18,4,18,3,1,0
942,1/18/2013,1,0,0,25,0,5695.54602,0,2013,1,18,4,18,3,1,0
943,1/18/2013,1,0,0,26,0,3239.835,0,2013,1,18,4,18,3,1,0
944,1/18/2013,1,0,0,27,0,4261.035,0,2013,1,18,4,18,3,1,0
945,1/18/2013,1,0,0,28,0,3103.998,0,2013,1,18,4,18,3,1,0
946,1/18/2013,1,0,0,29,0,0,0,2013,1,18,4,18,3,1,0
947,1/18/2013,1,0,0,30,0,2196.395,0,2013,1,18,4,18,3,1,0
948,1/18/2013,1,0,0,31,0,4163.022998,0,2013,1,18,4,18,3,1,0
949,1/18/2013,1,0,0,32,0,2181.531,0,2013,1,18,4,18,3,1,0
950,1/18/2013,1,0,0,33,0,2839.087,0,2013,1,18,4,18,3,1,0
951,1/18/2013,1,0,0,34,0,6365.298001,0,2013,1,18,4,18,3,1,0
952,1/18/2013,1,0,0,35,0,2030.218999,0,2013,1,18,4,18,3,1,0
953,1/18/2013,1,0,0,36,0,0,0,2013,1,18,4,18,3,1,0
954,1/18/2013,1,0,0,37,0,6975.128,0,2013,1,18,4,18,3,1,0
955,1/18/2013,1,0,0,38,0,6302.845,0,2013,1,18,4,18,3,1,0
956,1/18/2013,1,0,0,39,0,4518.464004,0,2013,1,18,4,18,3,1,0
957,1/18/2013,1,0,0,40,0,3206.848,0,2013,1,18,4,18,3,1,0
958,1/18/2013,1,0,0,41,0,3250.029,0,2013,1,18,4,18,3,1,0
959,1/18/2013,1,0,0,42,0,0,0,2013,1,18,4,18,3,1,0
960,1/18/2013,1,0,0,43,0,4190.814,0,2013,1,18,4,18,3,1,0
961,1/18/2013,1,0,0,44,0,19238.57502,0,2013,1,18,4,18,3,1,0
962,1/18/2013,1,0,0,45,0,16202.473,0,2013,1,18,4,18,3,1,0
963,1/18/2013,1,0,0,46,0,12069.49199,0,2013,1,18,4,18,3,1,0
964,1/18/2013,1,0,0,47,0,16478.937,0,2013,1,18,4,18,3,1,0
965,1/18/2013,1,0,0,48,0,9282.914996,0,2013,1,18,4,18,3,1,0
966,1/18/2013,1,0,0,49,0,8771.33501,0,2013,1,18,4,18,3,1,0
967,1/18/2013,1,0,0,50,0,8570.641,0,2013,1,18,4,18,3,1,0
968,1/18/2013,1,0,0,51,0,10604.76602,0,2013,1,18,4,18,3,1,0
969,1/18/2013,1,0,0,52,0,0,0,2013,1,18,4,18,3,1,0
970,1/18/2013,1,0,0,53,0,0,0,2013,1,18,4,18,3,1,0
971,1/18/2013,1,0,0,54,0,2890.448,0,2013,1,18,4,18,3,1,0
972,1/19/2013,1,0,0,1,0,5895.146,0,2013,1,19,5,19,3,1,1
973,1/19/2013,1,0,0,2,0,8905.371,0,2013,1,19,5,19,3,1,1
974,1/19/2013,1,0,0,3,0,20455.317,0,2013,1,19,5,19,3,1,1
975,1/19/2013,1,0,0,4,0,8748.974978,0,2013,1,19,5,19,3,1,1
976,1/19/2013,1,0,0,5,0,7034.429,0,2013,1,19,5,19,3,1,1
977,1/19/2013,1,0,0,6,0,12642.023,0,2013,1,19,5,19,3,1,1
978,1/19/2013,1,0,0,7,0,8454.52902,0,2013,1,19,5,19,3,1,1
979,1/19/2013,1,0,0,8,0,13595.995,0,2013,1,19,5,19,3,1,1
980,1/19/2013,1,0,0,9,0,11118.81,0,2013,1,19,5,19,3,1,1
981,1/19/2013,1,0,0,10,0,4965.264,0,2013,1,19,5,19,3,1,1
982,1/19/2013,1,0,0,11,0,12151.483,0,2013,1,19,5,19,3,1,1
983,1/19/2013,1,0,0,12,0,4667.285,0,2013,1,19,5,19,3,1,1
984,1/19/2013,1,0,0,13,0,5133.28,0,2013,1,19,5,19,3,1,1
985,1/19/2013,1,0,0,14,0,7337.322,0,2013,1,19,5,19,3,1,1
986,1/19/2013,1,0,0,15,0,4790.915,0,2013,1,19,5,19,3,1,1
987,1/19/2013,1,0,0,16,0,5165.994,0,2013,1,19,5,19,3,1,1
988,1/19/2013,1,0,0,17,0,6832.50599,0,2013,1,19,5,19,3,1,1
989,1/19/2013,1,0,0,18,0,5923.248,0,2013,1,19,5,19,3,1,1
990,1/19/2013,1,0,0,19,0,5905.274986,0,2013,1,19,5,19,3,1,1
991,1/19/2013,1,0,0,20,0,0,0,2013,1,19,5,19,3,1,1
992,1/19/2013,1,0,0,21,0,0,0,2013,1,19,5,19,3,1,1
993,1/19/2013,1,0,0,22,0,0,0,2013,1,19,5,19,3,1,1
994,1/19/2013,1,0,0,23,0,5620.842,0,2013,1,19,5,19,3,1,1
995,1/19/2013,1,0,0,24,0,12108.485,0,2013,1,19,5,19,3,1,1
996,1/19/2013,1,0,0,25,0,7456.022,0,2013,1,19,5,19,3,1,1
997,1/19/2013,1,0,0,26,0,4733.873,0,2013,1,19,5,19,3,1,1
998,1/19/2013,1,0,0,27,0,6380.847,0,2013,1,19,5,19,3,1,1
999,1/19/2013,1,0,0,28,0,5757.688,0,2013,1,19,5,19,3,1,1
1000,1/19/2013,1,0,0,29,0,0,0,2013,1,19,5,19,3,1,1
1001,1/19/2013,1,0,0,30,0,2986.355,0,2013,1,19,5,19,3,1,1
1002,1/19/2013,1,0,0,31,0,7625.02701,0,2013,1,19,5,19,3,1,1
1003,1/19/2013,1,0,0,32,0,2910.74,0,2013,1,19,5,19,3,1,1
1004,1/19/2013,1,0,0,33,0,6030.989,0,2013,1,19,5,19,3,1,1
1005,1/19/2013,1,0,0,34,0,7483.229,0,2013,1,19,5,19,3,1,1
1006,1/19/2013,1,0,0,35,0,3464.773,0,2013,1,19,5,19,3,1,1
1007,1/19/2013,1,0,0,36,0,0,0,2013,1,19,5,19,3,1,1
1008,1/19/2013,1,0,0,37,0,8947.87704,0,2013,1,19,5,19,3,1,1
1009,1/19/2013,1,0,0,38,0,9325.114,0,2013,1,19,5,19,3,1,1
1010,1/19/2013,1,0,0,39,0,8336.293,0,2013,1,19,5,19,3,1,1
1011,1/19/2013,1,0,0,40,0,4728.77,0,2013,1,19,5,19,3,1,1
1012,1/19/2013,1,0,0,41,0,4783.512005,0,2013,1,19,5,19,3,1,1
1013,1/19/2013,1,0,0,42,0,0,0,2013,1,19,5,19,3,1,1
1014,1/19/2013,1,0,0,43,0,4331.828005,0,2013,1,19,5,19,3,1,1
1015,1/19/2013,1,0,0,44,0,29145.70396,0,2013,1,19,5,19,3,1,1
1016,1/19/2013,1,0,0,45,0,23738.66902,0,2013,1,19,5,19,3,1,1
1017,1/19/2013,1,0,0,46,0,21444.40596,0,2013,1,19,5,19,3,1,1
1018,1/19/2013,1,0,0,47,0,22414.73403,0,2013,1,19,5,19,3,1,1
1019,1/19/2013,1,0,0,48,0,17110.40301,0,2013,1,19,5,19,3,1,1
1020,1/19/2013,1,0,0,49,0,12800.509,0,2013,1,19,5,19,3,1,1
1021,1/19/2013,1,0,0,50,0,14952.90301,0,2013,1,19,5,19,3,1,1
1022,1/19/2013,1,0,0,51,0,13873.097,0,2013,1,19,5,19,3,1,1
1023,1/19/2013,1,0,0,52,0,0,0,2013,1,19,5,19,3,1,1
1024,1/19/2013,1,0,0,53,0,0,0,2013,1,19,5,19,3,1,1
1025,1/19/2013,1,0,0,54,0,4243.996,0,2013,1,19,5,19,3,1,1
1026,1/20/2013,1,0,0,1,0,2371.133995,0,2013,1,20,6,20,3,1,1
1027,1/20/2013,1,0,0,2,0,9920.59102,0,2013,1,20,6,20,3,1,1
1028,1/20/2013,1,0,0,3,0,23949.60594,0,2013,1,20,6,20,3,1,1
1029,1/20/2013,1,0,0,4,0,10081.914,0,2013,1,20,6,20,3,1,1
1030,1/20/2013,1,0,0,5,0,9265.873,0,2013,1,20,6,20,3,1,1
1031,1/20/2013,1,0,0,6,0,14313.225,0,2013,1,20,6,20,3,1,1
1032,1/20/2013,1,0,0,7,0,8202.233,0,2013,1,20,6,20,3,1,1
1033,1/20/2013,1,0,0,8,0,13592.242,0,2013,1,20,6,20,3,1,1
1034,1/20/2013,1,0,0,9,0,13154.436,0,2013,1,20,6,20,3,1,1
1035,1/20/2013,1,0,0,10,0,5004.20699,0,2013,1,20,6,20,3,1,1
1036,1/20/2013,1,0,0,11,0,12349.041,0,2013,1,20,6,20,3,1,1
1037,1/20/2013,1,0,0,12,0,4721.181,0,2013,1,20,6,20,3,1,1
1038,1/20/2013,1,0,0,13,0,3956.382998,0,2013,1,20,6,20,3,1,1
1039,1/20/2013,1,0,0,14,0,4517.05,0,2013,1,20,6,20,3,1,1
1040,1/20/2013,1,0,0,15,0,4036.866,0,2013,1,20,6,20,3,1,1
1041,1/20/2013,1,0,0,16,0,6945.957,0,2013,1,20,6,20,3,1,1
1042,1/20/2013,1,0,0,17,0,7266.901,0,2013,1,20,6,20,3,1,1
1043,1/20/2013,1,0,0,18,0,7083.86801,0,2013,1,20,6,20,3,1,1
1044,1/20/2013,1,0,0,19,0,4869.977,0,2013,1,20,6,20,3,1,1
1045,1/20/2013,1,0,0,20,0,0,0,2013,1,20,6,20,3,1,1
1046,1/20/2013,1,0,0,21,0,0,0,2013,1,20,6,20,3,1,1
1047,1/20/2013,1,0,0,22,0,0,0,2013,1,20,6,20,3,1,1
1048,1/20/2013,1,0,0,23,0,4990.052,0,2013,1,20,6,20,3,1,1
1049,1/20/2013,1,0,0,24,0,9036.351,0,2013,1,20,6,20,3,1,1
1050,1/20/2013,1,0,0,25,0,3495.272,0,2013,1,20,6,20,3,1,1
1051,1/20/2013,1,0,0,26,0,5604.15201,0,2013,1,20,6,20,3,1,1
1052,1/20/2013,1,0,0,27,0,8648.88104,0,2013,1,20,6,20,3,1,1
1053,1/20/2013,1,0,0,28,0,6614.20799,0,2013,1,20,6,20,3,1,1
1054,1/20/2013,1,0,0,29,0,0,0,2013,1,20,6,20,3,1,1
1055,1/20/2013,1,0,0,30,0,2421.744,0,2013,1,20,6,20,3,1,1
1056,1/20/2013,1,0,0,31,0,7377.246,0,2013,1,20,6,20,3,1,1
1057,1/20/2013,1,0,0,32,0,2954.92,0,2013,1,20,6,20,3,1,1
1058,1/20/2013,1,0,0,33,0,6573.679005,0,2013,1,20,6,20,3,1,1
1059,1/20/2013,1,0,0,34,0,6817.175,0,2013,1,20,6,20,3,1,1
1060,1/20/2013,1,0,0,35,0,2715.38,0,2013,1,20,6,20,3,1,1
1061,1/20/2013,1,0,0,36,0,0,0,2013,1,20,6,20,3,1,1
1062,1/20/2013,1,0,0,37,0,7977.156009,0,2013,1,20,6,20,3,1,1
1063,1/20/2013,1,0,0,38,0,9853.84198,0,2013,1,20,6,20,3,1,1
1064,1/20/2013,1,0,0,39,0,8303.641,0,2013,1,20,6,20,3,1,1
1065,1/20/2013,1,0,0,40,0,4750.401,0,2013,1,20,6,20,3,1,1
1066,1/20/2013,1,0,0,41,0,5778.686,0,2013,1,20,6,20,3,1,1
1067,1/20/2013,1,0,0,42,0,0,0,2013,1,20,6,20,3,1,1
1068,1/20/2013,1,0,0,43,0,4130.105,0,2013,1,20,6,20,3,1,1
1069,1/20/2013,1,0,0,44,0,31897.75303,0,2013,1,20,6,20,3,1,1
1070,1/20/2013,1,0,0,45,0,28717.088,0,2013,1,20,6,20,3,1,1
1071,1/20/2013,1,0,0,46,0,26533.22102,0,2013,1,20,6,20,3,1,1
1072,1/20/2013,1,0,0,47,0,28374.415,0,2013,1,20,6,20,3,1,1
1073,1/20/2013,1,0,0,48,0,22050.05098,0,2013,1,20,6,20,3,1,1
1074,1/20/2013,1,0,0,49,0,14373.796,0,2013,1,20,6,20,3,1,1
1075,1/20/2013,1,0,0,50,0,16319.16203,0,2013,1,20,6,20,3,1,1
1076,1/20/2013,1,0,0,51,0,13202.108,0,2013,1,20,6,20,3,1,1
1077,1/20/2013,1,0,0,52,0,0,0,2013,1,20,6,20,3,1,1
1078,1/20/2013,1,0,0,53,0,0,0,2013,1,20,6,20,3,1,1
1079,1/20/2013,1,0,0,54,0,5979.216,0,2013,1,20,6,20,3,1,1
1080,1/21/2013,1,0,0,1,0,5227.60202,0,2013,1,21,0,21,4,1,0
1081,1/21/2013,1,0,0,2,0,7083.22,0,2013,1,21,0,21,4,1,0
1082,1/21/2013,1,0,0,3,0,14969.83298,0,2013,1,21,0,21,4,1,0
1083,1/21/2013,1,0,0,4,0,6031.359,0,2013,1,21,0,21,4,1,0
1084,1/21/2013,1,0,0,5,0,6231.630999,0,2013,1,21,0,21,4,1,0
1085,1/21/2013,1,0,0,6,0,8088.687,0,2013,1,21,0,21,4,1,0
1086,1/21/2013,1,0,0,7,0,8609.073,0,2013,1,21,0,21,4,1,0
1087,1/21/2013,1,0,0,8,0,9053.89298,0,2013,1,21,0,21,4,1,0
1088,1/21/2013,1,0,0,9,0,9295.811,0,2013,1,21,0,21,4,1,0
1089,1/21/2013,1,0,0,10,0,4042.503995,0,2013,1,21,0,21,4,1,0
1090,1/21/2013,1,0,0,11,0,9922.53604,0,2013,1,21,0,21,4,1,0
1091,1/21/2013,1,0,0,12,0,3850.561,0,2013,1,21,0,21,4,1,0
1092,1/21/2013,1,0,0,13,0,3755.789,0,2013,1,21,0,21,4,1,0
1093,1/21/2013,1,0,0,14,0,6231.731,0,2013,1,21,0,21,4,1,0
1094,1/21/2013,1,0,0,15,0,5110.378,0,2013,1,21,0,21,4,1,0
1095,1/21/2013,1,0,0,16,0,4127.083,0,2013,1,21,0,21,4,1,0
1096,1/21/2013,1,0,0,17,0,6513.54001,0,2013,1,21,0,21,4,1,0
1097,1/21/2013,1,0,0,18,0,4573.437,0,2013,1,21,0,21,4,1,0
1098,1/21/2013,1,0,0,19,0,4031.113,0,2013,1,21,0,21,4,1,0
1099,1/21/2013,1,0,0,20,0,0,0,2013,1,21,0,21,4,1,0
1100,1/21/2013,1,0,0,21,0,0,0,2013,1,21,0,21,4,1,0
1101,1/21/2013,1,0,0,22,0,0,0,2013,1,21,0,21,4,1,0
1102,1/21/2013,1,0,0,23,0,4563.061,0,2013,1,21,0,21,4,1,0
1103,1/21/2013,1,0,0,24,0,8656.285,0,2013,1,21,0,21,4,1,0
1104,1/21/2013,1,0,0,25,0,3768.027002,0,2013,1,21,0,21,4,1,0
1105,1/21/2013,1,0,0,26,0,2884.209,0,2013,1,21,0,21,4,1,0
1106,1/21/2013,1,0,0,27,0,5031.887001,0,2013,1,21,0,21,4,1,0
1107,1/21/2013,1,0,0,28,0,3309.276,0,2013,1,21,0,21,4,1,0
1108,1/21/2013,1,0,0,29,0,0,0,2013,1,21,0,21,4,1,0
1109,1/21/2013,1,0,0,30,0,2376.717,0,2013,1,21,0,21,4,1,0
1110,1/21/2013,1,0,0,31,0,5612.877,0,2013,1,21,0,21,4,1,0
1111,1/21/2013,1,0,0,32,0,1993.901,0,2013,1,21,0,21,4,1,0
1112,1/21/2013,1,0,0,33,0,5008.032,0,2013,1,21,0,21,4,1,0
1113,1/21/2013,1,0,0,34,0,5835.863,0,2013,1,21,0,21,4,1,0
1114,1/21/2013,1,0,0,35,0,2048.629,0,2013,1,21,0,21,4,1,0
1115,1/21/2013,1,0,0,36,0,0,0,2013,1,21,0,21,4,1,0
1116,1/21/2013,1,0,0,37,0,6746.619,0,2013,1,21,0,21,4,1,0
1117,1/21/2013,1,0,0,38,0,5420.479,0,2013,1,21,0,21,4,1,0
1118,1/21/2013,1,0,0,39,0,5762.603,0,2013,1,21,0,21,4,1,0
1119,1/21/2013,1,0,0,40,0,5009.322,0,2013,1,21,0,21,4,1,0
1120,1/21/2013,1,0,0,41,0,3265.262,0,2013,1,21,0,21,4,1,0
1121,1/21/2013,1,0,0,42,0,0,0,2013,1,21,0,21,4,1,0
1122,1/21/2013,1,0,0,43,0,3919.806,0,2013,1,21,0,21,4,1,0
1123,1/21/2013,1,0,0,44,0,17632.768,0,2013,1,21,0,21,4,1,0
1124,1/21/2013,1,0,0,45,0,15354.58,0,2013,1,21,0,21,4,1,0
1125,1/21/2013,1,0,0,46,0,14085.63697,0,2013,1,21,0,21,4,1,0
1126,1/21/2013,1,0,0,47,0,14331.26197,0,2013,1,21,0,21,4,1,0
1127,1/21/2013,1,0,0,48,0,9670.327,0,2013,1,21,0,21,4,1,0
1128,1/21/2013,1,0,0,49,0,7708.370992,0,2013,1,21,0,21,4,1,0
1129,1/21/2013,1,0,0,50,0,10427.134,0,2013,1,21,0,21,4,1,0
1130,1/21/2013,1,0,0,51,0,10425.81799,0,2013,1,21,0,21,4,1,0
1131,1/21/2013,1,0,0,52,0,0,0,2013,1,21,0,21,4,1,0
1132,1/21/2013,1,0,0,53,0,0,0,2013,1,21,0,21,4,1,0
1133,1/21/2013,1,0,0,54,0,3612.733,0,2013,1,21,0,21,4,1,0
1134,1/22/2013,1,0,0,1,0,5298.986,0,2013,1,22,1,22,4,1,0
1135,1/22/2013,1,0,0,2,0,6157.080001,0,2013,1,22,1,22,4,1,0
1136,1/22/2013,1,0,0,3,0,12857.13902,0,2013,1,22,1,22,4,1,0
1137,1/22/2013,1,0,0,4,0,5389.75199,0,2013,1,22,1,22,4,1,0
1138,1/22/2013,1,0,0,5,0,6079.274,0,2013,1,22,1,22,4,1,0
1139,1/22/2013,1,0,0,6,0,7106.657,0,2013,1,22,1,22,4,1,0
1140,1/22/2013,1,0,0,7,0,7629.284,0,2013,1,22,1,22,4,1,0
1141,1/22/2013,1,0,0,8,0,8219.226997,0,2013,1,22,1,22,4,1,0
1142,1/22/2013,1,0,0,9,0,7633.879,0,2013,1,22,1,22,4,1,0
1143,1/22/2013,1,0,0,10,0,3705.404,0,2013,1,22,1,22,4,1,0
1144,1/22/2013,1,0,0,11,0,8682.765,0,2013,1,22,1,22,4,1,0
1145,1/22/2013,1,0,0,12,0,4416.396994,0,2013,1,22,1,22,4,1,0
1146,1/22/2013,1,0,0,13,0,3419.753,0,2013,1,22,1,22,4,1,0
1147,1/22/2013,1,0,0,14,0,4868.457,0,2013,1,22,1,22,4,1,0
1148,1/22/2013,1,0,0,15,0,4239.896,0,2013,1,22,1,22,4,1,0
1149,1/22/2013,1,0,0,16,0,4133.789,0,2013,1,22,1,22,4,1,0
1150,1/22/2013,1,0,0,17,0,6285.10699,0,2013,1,22,1,22,4,1,0
1151,1/22/2013,1,0,0,18,0,3986.876,0,2013,1,22,1,22,4,1,0
1152,1/22/2013,1,0,0,19,0,3247.135999,0,2013,1,22,1,22,4,1,0
1153,1/22/2013,1,0,0,20,0,0,0,2013,1,22,1,22,4,1,0
1154,1/22/2013,1,0,0,21,0,0,0,2013,1,22,1,22,4,1,0
1155,1/22/2013,1,0,0,22,0,0,0,2013,1,22,1,22,4,1,0
1156,1/22/2013,1,0,0,23,0,4804.723,0,2013,1,22,1,22,4,1,0
1157,1/22/2013,1,0,0,24,0,8161.879,0,2013,1,22,1,22,4,1,0
1158,1/22/2013,1,0,0,25,0,3270.978,0,2013,1,22,1,22,4,1,0
1159,1/22/2013,1,0,0,26,0,2525.603,0,2013,1,22,1,22,4,1,0
1160,1/22/2013,1,0,0,27,0,4277.574002,0,2013,1,22,1,22,4,1,0
1161,1/22/2013,1,0,0,28,0,3907.153996,0,2013,1,22,1,22,4,1,0
1162,1/22/2013,1,0,0,29,0,0,0,2013,1,22,1,22,4,1,0
1163,1/22/2013,1,0,0,30,0,2482.253,0,2013,1,22,1,22,4,1,0
1164,1/22/2013,1,0,0,31,0,4620.764,0,2013,1,22,1,22,4,1,0
1165,1/22/2013,1,0,0,32,0,1793.422997,0,2013,1,22,1,22,4,1,0
1166,1/22/2013,1,0,0,33,0,5180.105,0,2013,1,22,1,22,4,1,0
1167,1/22/2013,1,0,0,34,0,5809.413996,0,2013,1,22,1,22,4,1,0
1168,1/22/2013,1,0,0,35,0,2154.5,0,2013,1,22,1,22,4,1,0
1169,1/22/2013,1,0,0,36,0,0,0,2013,1,22,1,22,4,1,0
1170,1/22/2013,1,0,0,37,0,6240.323,0,2013,1,22,1,22,4,1,0
1171,1/22/2013,1,0,0,38,0,4777.854005,0,2013,1,22,1,22,4,1,0
1172,1/22/2013,1,0,0,39,0,6048.562,0,2013,1,22,1,22,4,1,0
1173,1/22/2013,1,0,0,40,0,4149.043,0,2013,1,22,1,22,4,1,0
1174,1/22/2013,1,0,0,41,0,2920.14,0,2013,1,22,1,22,4,1,0
1175,1/22/2013,1,0,0,42,0,0,0,2013,1,22,1,22,4,1,0
1176,1/22/2013,1,0,0,43,0,3419.599,0,2013,1,22,1,22,4,1,0
1177,1/22/2013,1,0,0,44,0,34614.042,0,2013,1,22,1,22,4,1,0
1178,1/22/2013,1,0,0,45,0,11736.14399,0,2013,1,22,1,22,4,1,0
1179,1/22/2013,1,0,0,46,0,10870.309,0,2013,1,22,1,22,4,1,0
1180,1/22/2013,1,0,0,47,0,12303.567,0,2013,1,22,1,22,4,1,0
1181,1/22/2013,1,0,0,48,0,8484.375995,0,2013,1,22,1,22,4,1,0
1182,1/22/2013,1,0,0,49,0,6394.073002,0,2013,1,22,1,22,4,1,0
1183,1/22/2013,1,0,0,50,0,9176.655,0,2013,1,22,1,22,4,1,0
1184,1/22/2013,1,0,0,51,0,9573.29801,0,2013,1,22,1,22,4,1,0
1185,1/22/2013,1,0,0,52,0,0,0,2013,1,22,1,22,4,1,0
1186,1/22/2013,1,0,0,53,0,0,0,2013,1,22,1,22,4,1,0
1187,1/22/2013,1,0,0,54,0,3161.516,0,2013,1,22,1,22,4,1,0
1188,1/23/2013,1,0,0,1,0,6259.346,0,2013,1,23,2,23,4,1,0
1189,1/23/2013,1,0,0,2,0,6638.201,0,2013,1,23,2,23,4,1,0
1190,1/23/2013,1,0,0,3,0,13462.718,0,2013,1,23,2,23,4,1,0
1191,1/23/2013,1,0,0,4,0,6107.46,0,2013,1,23,2,23,4,1,0
1192,1/23/2013,1,0,0,5,0,6250.287,0,2013,1,23,2,23,4,1,0
1193,1/23/2013,1,0,0,6,0,8462.347998,0,2013,1,23,2,23,4,1,0
1194,1/23/2013,1,0,0,7,0,7687.197002,0,2013,1,23,2,23,4,1,0
1195,1/23/2013,1,0,0,8,0,9194.884992,0,2013,1,23,2,23,4,1,0
1196,1/23/2013,1,0,0,9,0,6645.268,0,2013,1,23,2,23,4,1,0
1197,1/23/2013,1,0,0,10,0,2810.961008,0,2013,1,23,2,23,4,1,0
1198,1/23/2013,1,0,0,11,0,8040.971,0,2013,1,23,2,23,4,1,0
1199,1/23/2013,1,0,0,12,0,3597.053,0,2013,1,23,2,23,4,1,0
1200,1/23/2013,1,0,0,13,0,3140.272005,0,2013,1,23,2,23,4,1,0
1201,1/23/2013,1,0,0,14,0,4327.055,0,2013,1,23,2,23,4,1,0
1202,1/23/2013,1,0,0,15,0,3871.824,0,2013,1,23,2,23,4,1,0
1203,1/23/2013,1,0,0,16,0,3519.295,0,2013,1,23,2,23,4,1,0
1204,1/23/2013,1,0,0,17,0,4226.838,0,2013,1,23,2,23,4,1,0
1205,1/23/2013,1,0,0,18,0,3544.55,0,2013,1,23,2,23,4,1,0
1206,1/23/2013,1,0,0,19,0,3706.375,0,2013,1,23,2,23,4,1,0
1207,1/23/2013,1,0,0,20,0,0,0,2013,1,23,2,23,4,1,0
1208,1/23/2013,1,0,0,21,0,0,0,2013,1,23,2,23,4,1,0
1209,1/23/2013,1,0,0,22,0,0,0,2013,1,23,2,23,4,1,0
1210,1/23/2013,1,0,0,23,0,4379.919,0,2013,1,23,2,23,4,1,0
1211,1/23/2013,1,0,0,24,0,10226.781,0,2013,1,23,2,23,4,1,0
1212,1/23/2013,1,0,0,25,0,4528.585,0,2013,1,23,2,23,4,1,0
1213,1/23/2013,1,0,0,26,0,2622.385,0,2013,1,23,2,23,4,1,0
1214,1/23/2013,1,0,0,27,0,4565.244,0,2013,1,23,2,23,4,1,0
1215,1/23/2013,1,0,0,28,0,2656.5,0,2013,1,23,2,23,4,1,0
1216,1/23/2013,1,0,0,29,0,0,0,2013,1,23,2,23,4,1,0
1217,1/23/2013,1,0,0,30,0,1908.508997,0,2013,1,23,2,23,4,1,0
1218,1/23/2013,1,0,0,31,0,3636.055,0,2013,1,23,2,23,4,1,0
1219,1/23/2013,1,0,0,32,0,1451.785,0,2013,1,23,2,23,4,1,0
1220,1/23/2013,1,0,0,33,0,3833.892001,0,2013,1,23,2,23,4,1,0
1221,1/23/2013,1,0,0,34,0,4709.238,0,2013,1,23,2,23,4,1,0
1222,1/23/2013,1,0,0,35,0,1931.235,0,2013,1,23,2,23,4,1,0
1223,1/23/2013,1,0,0,36,0,0,0,2013,1,23,2,23,4,1,0
1224,1/23/2013,1,0,0,37,0,6830.257,0,2013,1,23,2,23,4,1,0
1225,1/23/2013,1,0,0,38,0,5571.20201,0,2013,1,23,2,23,4,1,0
1226,1/23/2013,1,0,0,39,0,5325.932,0,2013,1,23,2,23,4,1,0
1227,1/23/2013,1,0,0,40,0,3147.638,0,2013,1,23,2,23,4,1,0
1228,1/23/2013,1,0,0,41,0,3047.247,0,2013,1,23,2,23,4,1,0
1229,1/23/2013,1,0,0,42,0,0,0,2013,1,23,2,23,4,1,0
1230,1/23/2013,1,0,0,43,0,3581.014,0,2013,1,23,2,23,4,1,0
1231,1/23/2013,1,0,0,44,0,17574.106,0,2013,1,23,2,23,4,1,0
1232,1/23/2013,1,0,0,45,0,14225.622,0,2013,1,23,2,23,4,1,0
1233,1/23/2013,1,0,0,46,0,11934.629,0,2013,1,23,2,23,4,1,0
1234,1/23/2013,1,0,0,47,0,12858.927,0,2013,1,23,2,23,4,1,0
1235,1/23/2013,1,0,0,48,0,8998.621,0,2013,1,23,2,23,4,1,0
1236,1/23/2013,1,0,0,49,0,8034.80398,0,2013,1,23,2,23,4,1,0
1237,1/23/2013,1,0,0,50,0,9570.391,0,2013,1,23,2,23,4,1,0
1238,1/23/2013,1,0,0,51,0,12320.52503,0,2013,1,23,2,23,4,1,0
1239,1/23/2013,1,0,0,52,0,0,0,2013,1,23,2,23,4,1,0
1240,1/23/2013,1,0,0,53,0,0,0,2013,1,23,2,23,4,1,0
1241,1/23/2013,1,0,0,54,0,2294.506002,0,2013,1,23,2,23,4,1,0
1242,1/24/2013,1,0,0,1,0,4861.524,0,2013,1,24,3,24,4,1,0
1243,1/24/2013,1,0,0,2,0,5084.419,0,2013,1,24,3,24,4,1,0
1244,1/24/2013,1,0,0,3,0,11454.688,0,2013,1,24,3,24,4,1,0
1245,1/24/2013,1,0,0,4,0,4496.408,0,2013,1,24,3,24,4,1,0
1246,1/24/2013,1,0,0,5,0,5578.141,0,2013,1,24,3,24,4,1,0
1247,1/24/2013,1,0,0,6,0,6105.318,0,2013,1,24,3,24,4,1,0
1248,1/24/2013,1,0,0,7,0,6666.21002,0,2013,1,24,3,24,4,1,0
1249,1/24/2013,1,0,0,8,0,7888.449,0,2013,1,24,3,24,4,1,0
1250,1/24/2013,1,0,0,9,0,6337.840001,0,2013,1,24,3,24,4,1,0
1251,1/24/2013,1,0,0,10,0,2495.375,0,2013,1,24,3,24,4,1,0
1252,1/24/2013,1,0,0,11,0,8616.002,0,2013,1,24,3,24,4,1,0
1253,1/24/2013,1,0,0,12,0,5288.454,0,2013,1,24,3,24,4,1,0
1254,1/24/2013,1,0,0,13,0,2724.931,0,2013,1,24,3,24,4,1,0
1255,1/24/2013,1,0,0,14,0,4150.479,0,2013,1,24,3,24,4,1,0
1256,1/24/2013,1,0,0,15,0,3368.091,0,2013,1,24,3,24,4,1,0
1257,1/24/2013,1,0,0,16,0,3792.167002,0,2013,1,24,3,24,4,1,0
1258,1/24/2013,1,0,0,17,0,3773.437,0,2013,1,24,3,24,4,1,0
1259,1/24/2013,1,0,0,18,0,3908.823,0,2013,1,24,3,24,4,1,0
1260,1/24/2013,1,0,0,19,0,2852.53301,0,2013,1,24,3,24,4,1,0
1261,1/24/2013,1,0,0,20,0,0,0,2013,1,24,3,24,4,1,0
1262,1/24/2013,1,0,0,21,0,0,0,2013,1,24,3,24,4,1,0
1263,1/24/2013,1,0,0,22,0,0,0,2013,1,24,3,24,4,1,0
1264,1/24/2013,1,0,0,23,0,4164.742004,0,2013,1,24,3,24,4,1,0
1265,1/24/2013,1,0,0,24,0,8940.53598,0,2013,1,24,3,24,4,1,0
1266,1/24/2013,1,0,0,25,0,3562.140996,0,2013,1,24,3,24,4,1,0
1267,1/24/2013,1,0,0,26,0,3016.314,0,2013,1,24,3,24,4,1,0
1268,1/24/2013,1,0,0,27,0,4086.668998,0,2013,1,24,3,24,4,1,0
1269,1/24/2013,1,0,0,28,0,2792.387,0,2013,1,24,3,24,4,1,0
1270,1/24/2013,1,0,0,29,0,0,0,2013,1,24,3,24,4,1,0
1271,1/24/2013,1,0,0,30,0,2128.208,0,2013,1,24,3,24,4,1,0
1272,1/24/2013,1,0,0,31,0,3980.056,0,2013,1,24,3,24,4,1,0
1273,1/24/2013,1,0,0,32,0,2180.578,0,2013,1,24,3,24,4,1,0
1274,1/24/2013,1,0,0,33,0,3740.056996,0,2013,1,24,3,24,4,1,0
1275,1/24/2013,1,0,0,34,0,4608.233,0,2013,1,24,3,24,4,1,0
1276,1/24/2013,1,0,0,35,0,1969.539999,0,2013,1,24,3,24,4,1,0
1277,1/24/2013,1,0,0,36,0,0,0,2013,1,24,3,24,4,1,0
1278,1/24/2013,1,0,0,37,0,5896.799009,0,2013,1,24,3,24,4,1,0
1279,1/24/2013,1,0,0,38,0,4414.892,0,2013,1,24,3,24,4,1,0
1280,1/24/2013,1,0,0,39,0,4682.957,0,2013,1,24,3,24,4,1,0
1281,1/24/2013,1,0,0,40,0,3079.553,0,2013,1,24,3,24,4,1,0
1282,1/24/2013,1,0,0,41,0,2796.454,0,2013,1,24,3,24,4,1,0
1283,1/24/2013,1,0,0,42,0,0,0,2013,1,24,3,24,4,1,0
1284,1/24/2013,1,0,0,43,0,3361.247,0,2013,1,24,3,24,4,1,0
1285,1/24/2013,1,0,0,44,0,12230.94998,0,2013,1,24,3,24,4,1,0
1286,1/24/2013,1,0,0,45,0,11096.787,0,2013,1,24,3,24,4,1,0
1287,1/24/2013,1,0,0,46,0,9723.507,0,2013,1,24,3,24,4,1,0
1288,1/24/2013,1,0,0,47,0,11237.114,0,2013,1,24,3,24,4,1,0
1289,1/24/2013,1,0,0,48,0,7458.095,0,2013,1,24,3,24,4,1,0
1290,1/24/2013,1,0,0,49,0,6123.159,0,2013,1,24,3,24,4,1,0
1291,1/24/2013,1,0,0,50,0,8951.354,0,2013,1,24,3,24,4,1,0
1292,1/24/2013,1,0,0,51,0,9364.503,0,2013,1,24,3,24,4,1,0
1293,1/24/2013,1,0,0,52,0,0,0,2013,1,24,3,24,4,1,0
1294,1/24/2013,1,0,0,53,0,0,0,2013,1,24,3,24,4,1,0
1295,1/24/2013,1,0,0,54,0,2215.57,0,2013,1,24,3,24,4,1,0
1296,1/25/2013,1,0,0,1,0,5577.701,0,2013,1,25,4,25,4,1,0
1297,1/25/2013,1,0,0,2,0,6775.602,0,2013,1,25,4,25,4,1,0
1298,1/25/2013,1,0,0,3,0,14203.427,0,2013,1,25,4,25,4,1,0
1299,1/25/2013,1,0,0,4,0,6259.9,0,2013,1,25,4,25,4,1,0
1300,1/25/2013,1,0,0,5,0,6221.183,0,2013,1,25,4,25,4,1,0
1301,1/25/2013,1,0,0,6,0,6820.340996,0,2013,1,25,4,25,4,1,0
1302,1/25/2013,1,0,0,7,0,7685.963,0,2013,1,25,4,25,4,1,0
1303,1/25/2013,1,0,0,8,0,9423.577,0,2013,1,25,4,25,4,1,0
1304,1/25/2013,1,0,0,9,0,5974.748,0,2013,1,25,4,25,4,1,0
1305,1/25/2013,1,0,0,10,0,3009.726,0,2013,1,25,4,25,4,1,0
1306,1/25/2013,1,0,0,11,0,8598.42698,0,2013,1,25,4,25,4,1,0
1307,1/25/2013,1,0,0,12,0,3762.334,0,2013,1,25,4,25,4,1,0
1308,1/25/2013,1,0,0,13,0,3130.825995,0,2013,1,25,4,25,4,1,0
1309,1/25/2013,1,0,0,14,0,3936.319001,0,2013,1,25,4,25,4,1,0
1310,1/25/2013,1,0,0,15,0,3380.057,0,2013,1,25,4,25,4,1,0
1311,1/25/2013,1,0,0,16,0,3282.664,0,2013,1,25,4,25,4,1,0
1312,1/25/2013,1,0,0,17,0,4392.726,0,2013,1,25,4,25,4,1,0
1313,1/25/2013,1,0,0,18,0,3266.299,0,2013,1,25,4,25,4,1,0
1314,1/25/2013,1,0,0,19,0,4179.02199,0,2013,1,25,4,25,4,1,0
1315,1/25/2013,1,0,0,20,0,0,0,2013,1,25,4,25,4,1,0
1316,1/25/2013,1,0,0,21,0,0,0,2013,1,25,4,25,4,1,0
1317,1/25/2013,1,0,0,22,0,0,0,2013,1,25,4,25,4,1,0
1318,1/25/2013,1,0,0,23,0,3636.948994,0,2013,1,25,4,25,4,1,0
1319,1/25/2013,1,0,0,24,0,10552.255,0,2013,1,25,4,25,4,1,0
1320,1/25/2013,1,0,0,25,0,5698.591,0,2013,1,25,4,25,4,1,0
1321,1/25/2013,1,0,0,26,0,2988.03302,0,2013,1,25,4,25,4,1,0
1322,1/25/2013,1,0,0,27,0,4160.419,0,2013,1,25,4,25,4,1,0
1323,1/25/2013,1,0,0,28,0,2866.241,0,2013,1,25,4,25,4,1,0
1324,1/25/2013,1,0,0,29,0,0,0,2013,1,25,4,25,4,1,0
1325,1/25/2013,1,0,0,30,0,2239.021,0,2013,1,25,4,25,4,1,0
1326,1/25/2013,1,0,0,31,0,5441.909001,0,2013,1,25,4,25,4,1,0
1327,1/25/2013,1,0,0,32,0,2308.419,0,2013,1,25,4,25,4,1,0
1328,1/25/2013,1,0,0,33,0,3318.358998,0,2013,1,25,4,25,4,1,0
1329,1/25/2013,1,0,0,34,0,6395.415,0,2013,1,25,4,25,4,1,0
1330,1/25/2013,1,0,0,35,0,2671.058,0,2013,1,25,4,25,4,1,0
1331,1/25/2013,1,0,0,36,0,0,0,2013,1,25,4,25,4,1,0
1332,1/25/2013,1,0,0,37,0,6974.856,0,2013,1,25,4,25,4,1,0
1333,1/25/2013,1,0,0,38,0,5486.839999,0,2013,1,25,4,25,4,1,0
1334,1/25/2013,1,0,0,39,0,4442.191,0,2013,1,25,4,25,4,1,0
1335,1/25/2013,1,0,0,40,0,3414.325997,0,2013,1,25,4,25,4,1,0
1336,1/25/2013,1,0,0,41,0,2980.510005,0,2013,1,25,4,25,4,1,0
1337,1/25/2013,1,0,0,42,0,0,0,2013,1,25,4,25,4,1,0
1338,1/25/2013,1,0,0,43,0,3873.572995,0,2013,1,25,4,25,4,1,0
1339,1/25/2013,1,0,0,44,0,18529.643,0,2013,1,25,4,25,4,1,0
1340,1/25/2013,1,0,0,45,0,15071.073,0,2013,1,25,4,25,4,1,0
1341,1/25/2013,1,0,0,46,0,12336.92399,0,2013,1,25,4,25,4,1,0
1342,1/25/2013,1,0,0,47,0,14747.08098,0,2013,1,25,4,25,4,1,0
1343,1/25/2013,1,0,0,48,0,9280.022004,0,2013,1,25,4,25,4,1,0
1344,1/25/2013,1,0,0,49,0,8169.632,0,2013,1,25,4,25,4,1,0
1345,1/25/2013,1,0,0,50,0,9033.84799,0,2013,1,25,4,25,4,1,0
1346,1/25/2013,1,0,0,51,0,11281.536,0,2013,1,25,4,25,4,1,0
1347,1/25/2013,1,0,0,52,0,0,0,2013,1,25,4,25,4,1,0
1348,1/25/2013,1,0,0,53,0,0,0,2013,1,25,4,25,4,1,0
1349,1/25/2013,1,0,0,54,0,2243.205999,0,2013,1,25,4,25,4,1,0
1350,1/26/2013,1,0,0,1,0,5290.32701,0,2013,1,26,5,26,4,1,1
1351,1/26/2013,1,0,0,2,0,8350.215962,0,2013,1,26,5,26,4,1,1
1352,1/26/2013,1,0,0,3,0,19341.873,0,2013,1,26,5,26,4,1,1
1353,1/26/2013,1,0,0,4,0,8323.920004,0,2013,1,26,5,26,4,1,1
1354,1/26/2013,1,0,0,5,0,6978.212,0,2013,1,26,5,26,4,1,1
1355,1/26/2013,1,0,0,6,0,10980.812,0,2013,1,26,5,26,4,1,1
1356,1/26/2013,1,0,0,7,0,7859.504,0,2013,1,26,5,26,4,1,1
1357,1/26/2013,1,0,0,8,0,12135.893,0,2013,1,26,5,26,4,1,1
1358,1/26/2013,1,0,0,9,0,11283.06002,0,2013,1,26,5,26,4,1,1
1359,1/26/2013,1,0,0,10,0,4671.26301,0,2013,1,26,5,26,4,1,1
1360,1/26/2013,1,0,0,11,0,11358.206,0,2013,1,26,5,26,4,1,1
1361,1/26/2013,1,0,0,12,0,4275.87,0,2013,1,26,5,26,4,1,1
